BA Code,Timestamp (Hour Ending),Demand (MWh)
PSCO,1/1/2023 12 a.m. MST,4564.0
PSCO,1/1/2023 1 a.m. MST,4414.0
PSCO,1/1/2023 2 a.m. MST,4312.0
PSCO,1/1/2023 3 a.m. MST,4214.0
PSCO,1/1/2023 4 a.m. MST,4140.0
PSCO,1/1/2023 5 a.m. MST,4136.0
PSCO,1/1/2023 6 a.m. MST,4209.0
PSCO,1/1/2023 7 a.m. MST,4379.0
PSCO,1/1/2023 8 a.m. MST,4398.0
PSCO,1/1/2023 9 a.m. MST,4489.0
PSCO,1/1/2023 10 a.m. MST,4546.0
PSCO,1/1/2023 11 a.m. MST,4561.0
PSCO,1/1/2023 12 p.m. MST,4524.0
PSCO,1/1/2023 1 p.m. MST,4552.0
PSCO,1/1/2023 2 p.m. MST,4572.0
PSCO,1/1/2023 3 p.m. MST,4645.0
PSCO,1/1/2023 4 p.m. MST,4778.0
PSCO,1/1/2023 5 p.m. MST,5090.0
PSCO,1/1/2023 6 p.m. MST,5388.0
PSCO,1/1/2023 7 p.m. MST,5358.0
PSCO,1/1/2023 8 p.m. MST,5207.0
PSCO,1/1/2023 9 p.m. MST,5085.0
PSCO,1/1/2023 10 p.m. MST,4893.0
PSCO,1/1/2023 11 p.m. MST,4638.0
PSCO,1/2/2023 12 a.m. MST,4501.0
PSCO,1/2/2023 1 a.m. MST,4345.0
PSCO,1/2/2023 2 a.m. MST,4242.0
PSCO,1/2/2023 3 a.m. MST,4203.0
PSCO,1/2/2023 4 a.m. MST,4253.0
PSCO,1/2/2023 5 a.m. MST,4335.0
PSCO,1/2/2023 6 a.m. MST,4516.0
PSCO,1/2/2023 7 a.m. MST,4737.0
PSCO,1/2/2023 8 a.m. MST,4865.0
PSCO,1/2/2023 9 a.m. MST,5041.0
PSCO,1/2/2023 10 a.m. MST,5181.0
PSCO,1/2/2023 11 a.m. MST,5283.0
PSCO,1/2/2023 12 p.m. MST,5349.0
PSCO,1/2/2023 1 p.m. MST,5425.0
PSCO,1/2/2023 2 p.m. MST,5474.0
PSCO,1/2/2023 3 p.m. MST,5456.0
PSCO,1/2/2023 4 p.m. MST,5537.0
PSCO,1/2/2023 5 p.m. MST,5751.0
PSCO,1/2/2023 6 p.m. MST,6021.0
PSCO,1/2/2023 7 p.m. MST,5905.0
PSCO,1/2/2023 8 p.m. MST,5743.0
PSCO,1/2/2023 9 p.m. MST,5589.0
PSCO,1/2/2023 10 p.m. MST,5315.0
PSCO,1/2/2023 11 p.m. MST,4974.0
PSCO,1/3/2023 12 a.m. MST,4781.0
PSCO,1/3/2023 1 a.m. MST,4621.0
PSCO,1/3/2023 2 a.m. MST,4550.0
PSCO,1/3/2023 3 a.m. MST,4516.0
PSCO,1/3/2023 4 a.m. MST,4552.0
PSCO,1/3/2023 5 a.m. MST,4696.0
PSCO,1/3/2023 6 a.m. MST,4936.0
PSCO,1/3/2023 7 a.m. MST,5282.0
PSCO,1/3/2023 8 a.m. MST,5458.0
PSCO,1/3/2023 9 a.m. MST,5488.0
PSCO,1/3/2023 10 a.m. MST,5483.0
PSCO,1/3/2023 11 a.m. MST,5521.0
PSCO,1/3/2023 12 p.m. MST,5495.0
PSCO,1/3/2023 1 p.m. MST,5519.0
PSCO,1/3/2023 2 p.m. MST,5542.0
PSCO,1/3/2023 3 p.m. MST,5491.0
PSCO,1/3/2023 4 p.m. MST,5494.0
PSCO,1/3/2023 5 p.m. MST,5775.0
PSCO,1/3/2023 6 p.m. MST,6102.0
PSCO,1/3/2023 7 p.m. MST,6068.0
PSCO,1/3/2023 8 p.m. MST,5860.0
PSCO,1/3/2023 9 p.m. MST,5655.0
PSCO,1/3/2023 10 p.m. MST,5456.0
PSCO,1/3/2023 11 p.m. MST,5109.0
PSCO,1/4/2023 12 a.m. MST,5006.0
PSCO,1/4/2023 1 a.m. MST,4841.0
PSCO,1/4/2023 2 a.m. MST,4831.0
PSCO,1/4/2023 3 a.m. MST,4757.0
PSCO,1/4/2023 4 a.m. MST,4741.0
PSCO,1/4/2023 5 a.m. MST,4857.0
PSCO,1/4/2023 6 a.m. MST,5069.0
PSCO,1/4/2023 7 a.m. MST,5411.0
PSCO,1/4/2023 8 a.m. MST,5599.0
PSCO,1/4/2023 9 a.m. MST,5587.0
PSCO,1/4/2023 10 a.m. MST,5524.0
PSCO,1/4/2023 11 a.m. MST,5479.0
PSCO,1/4/2023 12 p.m. MST,5370.0
PSCO,1/4/2023 1 p.m. MST,5348.0
PSCO,1/4/2023 2 p.m. MST,5218.0
PSCO,1/4/2023 3 p.m. MST,5160.0
PSCO,1/4/2023 4 p.m. MST,5252.0
PSCO,1/4/2023 5 p.m. MST,5546.0
PSCO,1/4/2023 6 p.m. MST,5982.0
PSCO,1/4/2023 7 p.m. MST,5956.0
PSCO,1/4/2023 8 p.m. MST,5832.0
PSCO,1/4/2023 9 p.m. MST,5740.0
PSCO,1/4/2023 10 p.m. MST,5487.0
PSCO,1/4/2023 11 p.m. MST,5197.0
PSCO,1/5/2023 12 a.m. MST,4977.0
PSCO,1/5/2023 1 a.m. MST,4866.0
PSCO,1/5/2023 2 a.m. MST,4789.0
PSCO,1/5/2023 3 a.m. MST,4729.0
PSCO,1/5/2023 4 a.m. MST,4778.0
PSCO,1/5/2023 5 a.m. MST,4909.0
PSCO,1/5/2023 6 a.m. MST,5203.0
PSCO,1/5/2023 7 a.m. MST,5550.0
PSCO,1/5/2023 8 a.m. MST,5676.0
PSCO,1/5/2023 9 a.m. MST,5693.0
PSCO,1/5/2023 10 a.m. MST,5713.0
PSCO,1/5/2023 11 a.m. MST,5703.0
PSCO,1/5/2023 12 p.m. MST,5597.0
PSCO,1/5/2023 1 p.m. MST,5478.0
PSCO,1/5/2023 2 p.m. MST,5399.0
PSCO,1/5/2023 3 p.m. MST,5227.0
PSCO,1/5/2023 4 p.m. MST,5255.0
PSCO,1/5/2023 5 p.m. MST,5588.0
PSCO,1/5/2023 6 p.m. MST,6008.0
PSCO,1/5/2023 7 p.m. MST,6000.0
PSCO,1/5/2023 8 p.m. MST,5888.0
PSCO,1/5/2023 9 p.m. MST,5729.0
PSCO,1/5/2023 10 p.m. MST,5480.0
PSCO,1/5/2023 11 p.m. MST,5139.0
PSCO,1/6/2023 12 a.m. MST,4938.0
PSCO,1/6/2023 1 a.m. MST,4730.0
PSCO,1/6/2023 2 a.m. MST,4635.0
PSCO,1/6/2023 3 a.m. MST,4614.0
PSCO,1/6/2023 4 a.m. MST,4630.0
PSCO,1/6/2023 5 a.m. MST,4759.0
PSCO,1/6/2023 6 a.m. MST,4993.0
PSCO,1/6/2023 7 a.m. MST,5360.0
PSCO,1/6/2023 8 a.m. MST,5497.0
PSCO,1/6/2023 9 a.m. MST,5521.0
PSCO,1/6/2023 10 a.m. MST,5468.0
PSCO,1/6/2023 11 a.m. MST,5422.0
PSCO,1/6/2023 12 p.m. MST,5337.0
PSCO,1/6/2023 1 p.m. MST,5288.0
PSCO,1/6/2023 2 p.m. MST,5170.0
PSCO,1/6/2023 3 p.m. MST,5125.0
PSCO,1/6/2023 4 p.m. MST,5271.0
PSCO,1/6/2023 5 p.m. MST,5367.0
PSCO,1/6/2023 6 p.m. MST,5797.0
PSCO,1/6/2023 7 p.m. MST,5724.0
PSCO,1/6/2023 8 p.m. MST,5596.0
PSCO,1/6/2023 9 p.m. MST,5459.0
PSCO,1/6/2023 10 p.m. MST,5303.0
PSCO,1/6/2023 11 p.m. MST,5036.0
PSCO,1/7/2023 12 a.m. MST,4816.0
PSCO,1/7/2023 1 a.m. MST,4692.0
PSCO,1/7/2023 2 a.m. MST,4521.0
PSCO,1/7/2023 3 a.m. MST,4424.0
PSCO,1/7/2023 4 a.m. MST,4466.0
PSCO,1/7/2023 5 a.m. MST,4563.0
PSCO,1/7/2023 6 a.m. MST,4696.0
PSCO,1/7/2023 7 a.m. MST,4903.0
PSCO,1/7/2023 8 a.m. MST,4979.0
PSCO,1/7/2023 9 a.m. MST,4981.0
PSCO,1/7/2023 10 a.m. MST,4900.0
PSCO,1/7/2023 11 a.m. MST,4740.0
PSCO,1/7/2023 12 p.m. MST,4724.0
PSCO,1/7/2023 1 p.m. MST,4621.0
PSCO,1/7/2023 2 p.m. MST,4561.0
PSCO,1/7/2023 3 p.m. MST,4537.0
PSCO,1/7/2023 4 p.m. MST,4641.0
PSCO,1/7/2023 5 p.m. MST,4969.0
PSCO,1/7/2023 6 p.m. MST,5384.0
PSCO,1/7/2023 7 p.m. MST,5449.0
PSCO,1/7/2023 8 p.m. MST,5410.0
PSCO,1/7/2023 9 p.m. MST,5332.0
PSCO,1/7/2023 10 p.m. MST,5153.0
PSCO,1/7/2023 11 p.m. MST,4965.0
PSCO,1/8/2023 12 a.m. MST,4837.0
PSCO,1/8/2023 1 a.m. MST,4670.0
PSCO,1/8/2023 2 a.m. MST,4508.0
PSCO,1/8/2023 3 a.m. MST,4435.0
PSCO,1/8/2023 4 a.m. MST,4447.0
PSCO,1/8/2023 5 a.m. MST,4540.0
PSCO,1/8/2023 6 a.m. MST,4643.0
PSCO,1/8/2023 7 a.m. MST,4807.0
PSCO,1/8/2023 8 a.m. MST,4858.0
PSCO,1/8/2023 9 a.m. MST,4910.0
PSCO,1/8/2023 10 a.m. MST,4888.0
PSCO,1/8/2023 11 a.m. MST,4709.0
PSCO,1/8/2023 12 p.m. MST,4647.0
PSCO,1/8/2023 1 p.m. MST,4590.0
PSCO,1/8/2023 2 p.m. MST,4546.0
PSCO,1/8/2023 3 p.m. MST,4500.0
PSCO,1/8/2023 4 p.m. MST,4700.0
PSCO,1/8/2023 5 p.m. MST,5108.0
PSCO,1/8/2023 6 p.m. MST,5480.0
PSCO,1/8/2023 7 p.m. MST,5524.0
PSCO,1/8/2023 8 p.m. MST,5511.0
PSCO,1/8/2023 9 p.m. MST,5283.0
PSCO,1/8/2023 10 p.m. MST,5014.0
PSCO,1/8/2023 11 p.m. MST,4783.0
PSCO,1/9/2023 12 a.m. MST,4608.0
PSCO,1/9/2023 1 a.m. MST,4403.0
PSCO,1/9/2023 2 a.m. MST,4292.0
PSCO,1/9/2023 3 a.m. MST,4278.0
PSCO,1/9/2023 4 a.m. MST,4317.0
PSCO,1/9/2023 5 a.m. MST,4436.0
PSCO,1/9/2023 6 a.m. MST,4733.0
PSCO,1/9/2023 7 a.m. MST,5176.0
PSCO,1/9/2023 8 a.m. MST,5374.0
PSCO,1/9/2023 9 a.m. MST,5237.0
PSCO,1/9/2023 10 a.m. MST,5062.0
PSCO,1/9/2023 11 a.m. MST,4970.0
PSCO,1/9/2023 12 p.m. MST,4958.0
PSCO,1/9/2023 1 p.m. MST,5066.0
PSCO,1/9/2023 2 p.m. MST,5147.0
PSCO,1/9/2023 3 p.m. MST,5119.0
PSCO,1/9/2023 4 p.m. MST,5014.0
PSCO,1/9/2023 5 p.m. MST,5265.0
PSCO,1/9/2023 6 p.m. MST,5693.0
PSCO,1/9/2023 7 p.m. MST,5667.0
PSCO,1/9/2023 8 p.m. MST,5522.0
PSCO,1/9/2023 9 p.m. MST,5391.0
PSCO,1/9/2023 10 p.m. MST,5151.0
PSCO,1/9/2023 11 p.m. MST,4798.0
PSCO,1/10/2023 12 a.m. MST,4592.0
PSCO,1/10/2023 1 a.m. MST,4447.0
PSCO,1/10/2023 2 a.m. MST,4395.0
PSCO,1/10/2023 3 a.m. MST,4350.0
PSCO,1/10/2023 4 a.m. MST,4383.0
PSCO,1/10/2023 5 a.m. MST,4500.0
PSCO,1/10/2023 6 a.m. MST,4795.0
PSCO,1/10/2023 7 a.m. MST,5205.0
PSCO,1/10/2023 8 a.m. MST,5357.0
PSCO,1/10/2023 9 a.m. MST,5196.0
PSCO,1/10/2023 10 a.m. MST,5027.0
PSCO,1/10/2023 11 a.m. MST,4870.0
PSCO,1/10/2023 12 p.m. MST,4819.0
PSCO,1/10/2023 1 p.m. MST,4744.0
PSCO,1/10/2023 2 p.m. MST,4720.0
PSCO,1/10/2023 3 p.m. MST,4720.0
PSCO,1/10/2023 4 p.m. MST,4855.0
PSCO,1/10/2023 5 p.m. MST,5166.0
PSCO,1/10/2023 6 p.m. MST,5505.0
PSCO,1/10/2023 7 p.m. MST,5470.0
PSCO,1/10/2023 8 p.m. MST,5323.0
PSCO,1/10/2023 9 p.m. MST,5157.0
PSCO,1/10/2023 10 p.m. MST,4929.0
PSCO,1/10/2023 11 p.m. MST,4629.0
PSCO,1/11/2023 12 a.m. MST,4412.0
PSCO,1/11/2023 1 a.m. MST,4287.0
PSCO,1/11/2023 2 a.m. MST,4207.0
PSCO,1/11/2023 3 a.m. MST,4215.0
PSCO,1/11/2023 4 a.m. MST,4241.0
PSCO,1/11/2023 5 a.m. MST,4335.0
PSCO,1/11/2023 6 a.m. MST,4588.0
PSCO,1/11/2023 7 a.m. MST,5070.0
PSCO,1/11/2023 8 a.m. MST,5279.0
PSCO,1/11/2023 9 a.m. MST,5468.0
PSCO,1/11/2023 10 a.m. MST,5602.0
PSCO,1/11/2023 11 a.m. MST,5715.0
PSCO,1/11/2023 12 p.m. MST,5706.0
PSCO,1/11/2023 1 p.m. MST,5608.0
PSCO,1/11/2023 2 p.m. MST,5538.0
PSCO,1/11/2023 3 p.m. MST,5531.0
PSCO,1/11/2023 4 p.m. MST,5595.0
PSCO,1/11/2023 5 p.m. MST,5817.0
PSCO,1/11/2023 6 p.m. MST,6048.0
PSCO,1/11/2023 7 p.m. MST,5940.0
PSCO,1/11/2023 8 p.m. MST,5774.0
PSCO,1/11/2023 9 p.m. MST,5613.0
PSCO,1/11/2023 10 p.m. MST,5332.0
PSCO,1/11/2023 11 p.m. MST,5022.0
PSCO,1/12/2023 12 a.m. MST,4781.0
PSCO,1/12/2023 1 a.m. MST,4616.0
PSCO,1/12/2023 2 a.m. MST,4531.0
PSCO,1/12/2023 3 a.m. MST,4481.0
PSCO,1/12/2023 4 a.m. MST,4484.0
PSCO,1/12/2023 5 a.m. MST,4590.0
PSCO,1/12/2023 6 a.m. MST,4874.0
PSCO,1/12/2023 7 a.m. MST,5370.0
PSCO,1/12/2023 8 a.m. MST,5654.0
PSCO,1/12/2023 9 a.m. MST,5512.0
PSCO,1/12/2023 10 a.m. MST,5244.0
PSCO,1/12/2023 11 a.m. MST,5046.0
PSCO,1/12/2023 12 p.m. MST,4925.0
PSCO,1/12/2023 1 p.m. MST,4817.0
PSCO,1/12/2023 2 p.m. MST,4792.0
PSCO,1/12/2023 3 p.m. MST,4807.0
PSCO,1/12/2023 4 p.m. MST,4945.0
PSCO,1/12/2023 5 p.m. MST,5238.0
PSCO,1/12/2023 6 p.m. MST,5629.0
PSCO,1/12/2023 7 p.m. MST,5627.0
PSCO,1/12/2023 8 p.m. MST,5537.0
PSCO,1/12/2023 9 p.m. MST,5464.0
PSCO,1/12/2023 10 p.m. MST,5250.0
PSCO,1/12/2023 11 p.m. MST,5002.0
PSCO,1/13/2023 12 a.m. MST,4770.0
PSCO,1/13/2023 1 a.m. MST,4604.0
PSCO,1/13/2023 2 a.m. MST,4505.0
PSCO,1/13/2023 3 a.m. MST,4464.0
PSCO,1/13/2023 4 a.m. MST,4465.0
PSCO,1/13/2023 5 a.m. MST,4596.0
PSCO,1/13/2023 6 a.m. MST,4844.0
PSCO,1/13/2023 7 a.m. MST,5216.0
PSCO,1/13/2023 8 a.m. MST,5394.0
PSCO,1/13/2023 9 a.m. MST,5292.0
PSCO,1/13/2023 10 a.m. MST,5096.0
PSCO,1/13/2023 11 a.m. MST,4855.0
PSCO,1/13/2023 12 p.m. MST,4749.0
PSCO,1/13/2023 1 p.m. MST,4654.0
PSCO,1/13/2023 2 p.m. MST,4605.0
PSCO,1/13/2023 3 p.m. MST,4603.0
PSCO,1/13/2023 4 p.m. MST,4779.0
PSCO,1/13/2023 5 p.m. MST,5067.0
PSCO,1/13/2023 6 p.m. MST,5442.0
PSCO,1/13/2023 7 p.m. MST,5424.0
PSCO,1/13/2023 8 p.m. MST,5327.0
PSCO,1/13/2023 9 p.m. MST,5231.0
PSCO,1/13/2023 10 p.m. MST,5054.0
PSCO,1/13/2023 11 p.m. MST,4804.0
PSCO,1/14/2023 12 a.m. MST,4547.0
PSCO,1/14/2023 1 a.m. MST,4360.0
PSCO,1/14/2023 2 a.m. MST,4286.0
PSCO,1/14/2023 3 a.m. MST,4223.0
PSCO,1/14/2023 4 a.m. MST,4210.0
PSCO,1/14/2023 5 a.m. MST,4260.0
PSCO,1/14/2023 6 a.m. MST,4406.0
PSCO,1/14/2023 7 a.m. MST,4616.0
PSCO,1/14/2023 8 a.m. MST,4701.0
PSCO,1/14/2023 9 a.m. MST,4717.0
PSCO,1/14/2023 10 a.m. MST,4604.0
PSCO,1/14/2023 11 a.m. MST,4462.0
PSCO,1/14/2023 12 p.m. MST,4340.0
PSCO,1/14/2023 1 p.m. MST,4327.0
PSCO,1/14/2023 2 p.m. MST,4326.0
PSCO,1/14/2023 3 p.m. MST,4390.0
PSCO,1/14/2023 4 p.m. MST,4508.0
PSCO,1/14/2023 5 p.m. MST,4724.0
PSCO,1/14/2023 6 p.m. MST,5048.0
PSCO,1/14/2023 7 p.m. MST,5048.0
PSCO,1/14/2023 8 p.m. MST,4966.0
PSCO,1/14/2023 9 p.m. MST,4856.0
PSCO,1/14/2023 10 p.m. MST,4704.0
PSCO,1/14/2023 11 p.m. MST,4461.0
PSCO,1/15/2023 12 a.m. MST,4310.0
PSCO,1/15/2023 1 a.m. MST,4157.0
PSCO,1/15/2023 2 a.m. MST,4093.0
PSCO,1/15/2023 3 a.m. MST,4053.0
PSCO,1/15/2023 4 a.m. MST,4027.0
PSCO,1/15/2023 5 a.m. MST,4093.0
PSCO,1/15/2023 6 a.m. MST,4226.0
PSCO,1/15/2023 7 a.m. MST,4377.0
PSCO,1/15/2023 8 a.m. MST,4465.0
PSCO,1/15/2023 9 a.m. MST,4535.0
PSCO,1/15/2023 10 a.m. MST,4630.0
PSCO,1/15/2023 11 a.m. MST,4638.0
PSCO,1/15/2023 12 p.m. MST,4591.0
PSCO,1/15/2023 1 p.m. MST,4570.0
PSCO,1/15/2023 2 p.m. MST,4642.0
PSCO,1/15/2023 3 p.m. MST,4724.0
PSCO,1/15/2023 4 p.m. MST,4849.0
PSCO,1/15/2023 5 p.m. MST,5104.0
PSCO,1/15/2023 6 p.m. MST,5387.0
PSCO,1/15/2023 7 p.m. MST,5365.0
PSCO,1/15/2023 8 p.m. MST,5258.0
PSCO,1/15/2023 9 p.m. MST,5092.0
PSCO,1/15/2023 10 p.m. MST,4896.0
PSCO,1/15/2023 11 p.m. MST,4645.0
PSCO,1/16/2023 12 a.m. MST,4488.0
PSCO,1/16/2023 1 a.m. MST,4327.0
PSCO,1/16/2023 2 a.m. MST,4267.0
PSCO,1/16/2023 3 a.m. MST,4222.0
PSCO,1/16/2023 4 a.m. MST,4290.0
PSCO,1/16/2023 5 a.m. MST,4414.0
PSCO,1/16/2023 6 a.m. MST,4647.0
PSCO,1/16/2023 7 a.m. MST,4938.0
PSCO,1/16/2023 8 a.m. MST,5029.0
PSCO,1/16/2023 9 a.m. MST,5060.0
PSCO,1/16/2023 10 a.m. MST,5064.0
PSCO,1/16/2023 11 a.m. MST,5019.0
PSCO,1/16/2023 12 p.m. MST,4941.0
PSCO,1/16/2023 1 p.m. MST,4806.0
PSCO,1/16/2023 2 p.m. MST,4725.0
PSCO,1/16/2023 3 p.m. MST,4765.0
PSCO,1/16/2023 4 p.m. MST,4859.0
PSCO,1/16/2023 5 p.m. MST,5169.0
PSCO,1/16/2023 6 p.m. MST,5600.0
PSCO,1/16/2023 7 p.m. MST,5569.0
PSCO,1/16/2023 8 p.m. MST,5440.0
PSCO,1/16/2023 9 p.m. MST,5298.0
PSCO,1/16/2023 10 p.m. MST,5077.0
PSCO,1/16/2023 11 p.m. MST,4795.0
PSCO,1/17/2023 12 a.m. MST,4561.0
PSCO,1/17/2023 1 a.m. MST,4449.0
PSCO,1/17/2023 2 a.m. MST,4372.0
PSCO,1/17/2023 3 a.m. MST,4353.0
PSCO,1/17/2023 4 a.m. MST,4397.0
PSCO,1/17/2023 5 a.m. MST,4543.0
PSCO,1/17/2023 6 a.m. MST,4808.0
PSCO,1/17/2023 7 a.m. MST,5234.0
PSCO,1/17/2023 8 a.m. MST,5413.0
PSCO,1/17/2023 9 a.m. MST,5292.0
PSCO,1/17/2023 10 a.m. MST,5044.0
PSCO,1/17/2023 11 a.m. MST,5105.0
PSCO,1/17/2023 12 p.m. MST,5014.0
PSCO,1/17/2023 1 p.m. MST,4991.0
PSCO,1/17/2023 2 p.m. MST,5191.0
PSCO,1/17/2023 3 p.m. MST,5281.0
PSCO,1/17/2023 4 p.m. MST,5390.0
PSCO,1/17/2023 5 p.m. MST,5625.0
PSCO,1/17/2023 6 p.m. MST,5930.0
PSCO,1/17/2023 7 p.m. MST,5879.0
PSCO,1/17/2023 8 p.m. MST,5685.0
PSCO,1/17/2023 9 p.m. MST,5509.0
PSCO,1/17/2023 10 p.m. MST,5268.0
PSCO,1/17/2023 11 p.m. MST,4984.0
PSCO,1/18/2023 12 a.m. MST,4776.0
PSCO,1/18/2023 1 a.m. MST,4648.0
PSCO,1/18/2023 2 a.m. MST,4524.0
PSCO,1/18/2023 3 a.m. MST,4481.0
PSCO,1/18/2023 4 a.m. MST,4539.0
PSCO,1/18/2023 5 a.m. MST,4664.0
PSCO,1/18/2023 6 a.m. MST,4838.0
PSCO,1/18/2023 7 a.m. MST,5200.0
PSCO,1/18/2023 8 a.m. MST,5386.0
PSCO,1/18/2023 9 a.m. MST,5510.0
PSCO,1/18/2023 10 a.m. MST,5641.0
PSCO,1/18/2023 11 a.m. MST,5696.0
PSCO,1/18/2023 12 p.m. MST,5754.0
PSCO,1/18/2023 1 p.m. MST,5756.0
PSCO,1/18/2023 2 p.m. MST,5739.0
PSCO,1/18/2023 3 p.m. MST,5669.0
PSCO,1/18/2023 4 p.m. MST,5703.0
PSCO,1/18/2023 5 p.m. MST,5780.0
PSCO,1/18/2023 6 p.m. MST,6039.0
PSCO,1/18/2023 7 p.m. MST,5984.0
PSCO,1/18/2023 8 p.m. MST,5830.0
PSCO,1/18/2023 9 p.m. MST,5669.0
PSCO,1/18/2023 10 p.m. MST,5402.0
PSCO,1/18/2023 11 p.m. MST,5117.0
PSCO,1/19/2023 12 a.m. MST,4933.0
PSCO,1/19/2023 1 a.m. MST,4803.0
PSCO,1/19/2023 2 a.m. MST,4730.0
PSCO,1/19/2023 3 a.m. MST,4683.0
PSCO,1/19/2023 4 a.m. MST,4744.0
PSCO,1/19/2023 5 a.m. MST,4867.0
PSCO,1/19/2023 6 a.m. MST,5125.0
PSCO,1/19/2023 7 a.m. MST,5521.0
PSCO,1/19/2023 8 a.m. MST,5685.0
PSCO,1/19/2023 9 a.m. MST,5502.0
PSCO,1/19/2023 10 a.m. MST,5551.0
PSCO,1/19/2023 11 a.m. MST,5367.0
PSCO,1/19/2023 12 p.m. MST,5354.0
PSCO,1/19/2023 1 p.m. MST,5214.0
PSCO,1/19/2023 2 p.m. MST,5234.0
PSCO,1/19/2023 3 p.m. MST,5195.0
PSCO,1/19/2023 4 p.m. MST,5235.0
PSCO,1/19/2023 5 p.m. MST,5459.0
PSCO,1/19/2023 6 p.m. MST,5833.0
PSCO,1/19/2023 7 p.m. MST,5815.0
PSCO,1/19/2023 8 p.m. MST,5725.0
PSCO,1/19/2023 9 p.m. MST,5620.0
PSCO,1/19/2023 10 p.m. MST,5358.0
PSCO,1/19/2023 11 p.m. MST,5059.0
PSCO,1/20/2023 12 a.m. MST,4885.0
PSCO,1/20/2023 1 a.m. MST,4661.0
PSCO,1/20/2023 2 a.m. MST,4554.0
PSCO,1/20/2023 3 a.m. MST,4535.0
PSCO,1/20/2023 4 a.m. MST,4552.0
PSCO,1/20/2023 5 a.m. MST,4684.0
PSCO,1/20/2023 6 a.m. MST,4944.0
PSCO,1/20/2023 7 a.m. MST,5314.0
PSCO,1/20/2023 8 a.m. MST,5574.0
PSCO,1/20/2023 9 a.m. MST,5573.0
PSCO,1/20/2023 10 a.m. MST,5496.0
PSCO,1/20/2023 11 a.m. MST,5464.0
PSCO,1/20/2023 12 p.m. MST,5433.0
PSCO,1/20/2023 1 p.m. MST,5352.0
PSCO,1/20/2023 2 p.m. MST,5346.0
PSCO,1/20/2023 3 p.m. MST,5349.0
PSCO,1/20/2023 4 p.m. MST,5409.0
PSCO,1/20/2023 5 p.m. MST,5573.0
PSCO,1/20/2023 6 p.m. MST,5875.0
PSCO,1/20/2023 7 p.m. MST,5789.0
PSCO,1/20/2023 8 p.m. MST,5668.0
PSCO,1/20/2023 9 p.m. MST,5553.0
PSCO,1/20/2023 10 p.m. MST,5389.0
PSCO,1/20/2023 11 p.m. MST,5182.0
PSCO,1/21/2023 12 a.m. MST,4944.0
PSCO,1/21/2023 1 a.m. MST,4805.0
PSCO,1/21/2023 2 a.m. MST,4723.0
PSCO,1/21/2023 3 a.m. MST,4693.0
PSCO,1/21/2023 4 a.m. MST,4667.0
PSCO,1/21/2023 5 a.m. MST,4712.0
PSCO,1/21/2023 6 a.m. MST,4758.0
PSCO,1/21/2023 7 a.m. MST,4982.0
PSCO,1/21/2023 8 a.m. MST,5152.0
PSCO,1/21/2023 9 a.m. MST,5253.0
PSCO,1/21/2023 10 a.m. MST,5299.0
PSCO,1/21/2023 11 a.m. MST,5239.0
PSCO,1/21/2023 12 p.m. MST,5200.0
PSCO,1/21/2023 1 p.m. MST,5190.0
PSCO,1/21/2023 2 p.m. MST,5196.0
PSCO,1/21/2023 3 p.m. MST,5196.0
PSCO,1/21/2023 4 p.m. MST,5253.0
PSCO,1/21/2023 5 p.m. MST,5418.0
PSCO,1/21/2023 6 p.m. MST,5758.0
PSCO,1/21/2023 7 p.m. MST,5765.0
PSCO,1/21/2023 8 p.m. MST,5590.0
PSCO,1/21/2023 9 p.m. MST,5472.0
PSCO,1/21/2023 10 p.m. MST,5277.0
PSCO,1/21/2023 11 p.m. MST,4996.0
PSCO,1/22/2023 12 a.m. MST,4741.0
PSCO,1/22/2023 1 a.m. MST,4616.0
PSCO,1/22/2023 2 a.m. MST,4526.0
PSCO,1/22/2023 3 a.m. MST,4457.0
PSCO,1/22/2023 4 a.m. MST,4447.0
PSCO,1/22/2023 5 a.m. MST,4496.0
PSCO,1/22/2023 6 a.m. MST,4671.0
PSCO,1/22/2023 7 a.m. MST,4839.0
PSCO,1/22/2023 8 a.m. MST,4960.0
PSCO,1/22/2023 9 a.m. MST,4980.0
PSCO,1/22/2023 10 a.m. MST,4892.0
PSCO,1/22/2023 11 a.m. MST,4796.0
PSCO,1/22/2023 12 p.m. MST,4770.0
PSCO,1/22/2023 1 p.m. MST,4724.0
PSCO,1/22/2023 2 p.m. MST,4714.0
PSCO,1/22/2023 3 p.m. MST,4723.0
PSCO,1/22/2023 4 p.m. MST,4812.0
PSCO,1/22/2023 5 p.m. MST,5163.0
PSCO,1/22/2023 6 p.m. MST,5576.0
PSCO,1/22/2023 7 p.m. MST,5656.0
PSCO,1/22/2023 8 p.m. MST,5533.0
PSCO,1/22/2023 9 p.m. MST,5400.0
PSCO,1/22/2023 10 p.m. MST,5152.0
PSCO,1/22/2023 11 p.m. MST,4893.0
PSCO,1/23/2023 12 a.m. MST,4640.0
PSCO,1/23/2023 1 a.m. MST,4523.0
PSCO,1/23/2023 2 a.m. MST,4431.0
PSCO,1/23/2023 3 a.m. MST,4384.0
PSCO,1/23/2023 4 a.m. MST,4445.0
PSCO,1/23/2023 5 a.m. MST,4577.0
PSCO,1/23/2023 6 a.m. MST,4838.0
PSCO,1/23/2023 7 a.m. MST,5226.0
PSCO,1/23/2023 8 a.m. MST,5528.0
PSCO,1/23/2023 9 a.m. MST,5586.0
PSCO,1/23/2023 10 a.m. MST,5516.0
PSCO,1/23/2023 11 a.m. MST,5373.0
PSCO,1/23/2023 12 p.m. MST,5248.0
PSCO,1/23/2023 1 p.m. MST,5126.0
PSCO,1/23/2023 2 p.m. MST,5119.0
PSCO,1/23/2023 3 p.m. MST,5095.0
PSCO,1/23/2023 4 p.m. MST,5162.0
PSCO,1/23/2023 5 p.m. MST,5463.0
PSCO,1/23/2023 6 p.m. MST,5910.0
PSCO,1/23/2023 7 p.m. MST,5927.0
PSCO,1/23/2023 8 p.m. MST,5826.0
PSCO,1/23/2023 9 p.m. MST,5632.0
PSCO,1/23/2023 10 p.m. MST,5377.0
PSCO,1/23/2023 11 p.m. MST,5053.0
PSCO,1/24/2023 12 a.m. MST,4822.0
PSCO,1/24/2023 1 a.m. MST,4690.0
PSCO,1/24/2023 2 a.m. MST,4648.0
PSCO,1/24/2023 3 a.m. MST,4584.0
PSCO,1/24/2023 4 a.m. MST,4590.0
PSCO,1/24/2023 5 a.m. MST,4763.0
PSCO,1/24/2023 6 a.m. MST,5025.0
PSCO,1/24/2023 7 a.m. MST,5468.0
PSCO,1/24/2023 8 a.m. MST,5697.0
PSCO,1/24/2023 9 a.m. MST,5635.0
PSCO,1/24/2023 10 a.m. MST,5496.0
PSCO,1/24/2023 11 a.m. MST,5404.0
PSCO,1/24/2023 12 p.m. MST,5191.0
PSCO,1/24/2023 1 p.m. MST,5132.0
PSCO,1/24/2023 2 p.m. MST,5122.0
PSCO,1/24/2023 3 p.m. MST,5137.0
PSCO,1/24/2023 4 p.m. MST,5248.0
PSCO,1/24/2023 5 p.m. MST,5509.0
PSCO,1/24/2023 6 p.m. MST,5956.0
PSCO,1/24/2023 7 p.m. MST,5932.0
PSCO,1/24/2023 8 p.m. MST,5841.0
PSCO,1/24/2023 9 p.m. MST,5722.0
PSCO,1/24/2023 10 p.m. MST,5477.0
PSCO,1/24/2023 11 p.m. MST,5147.0
PSCO,1/25/2023 12 a.m. MST,4912.0
PSCO,1/25/2023 1 a.m. MST,4841.0
PSCO,1/25/2023 2 a.m. MST,4752.0
PSCO,1/25/2023 3 a.m. MST,4729.0
PSCO,1/25/2023 4 a.m. MST,4732.0
PSCO,1/25/2023 5 a.m. MST,4839.0
PSCO,1/25/2023 6 a.m. MST,5088.0
PSCO,1/25/2023 7 a.m. MST,5492.0
PSCO,1/25/2023 8 a.m. MST,5761.0
PSCO,1/25/2023 9 a.m. MST,5786.0
PSCO,1/25/2023 10 a.m. MST,5764.0
PSCO,1/25/2023 11 a.m. MST,5686.0
PSCO,1/25/2023 12 p.m. MST,5535.0
PSCO,1/25/2023 1 p.m. MST,5365.0
PSCO,1/25/2023 2 p.m. MST,5393.0
PSCO,1/25/2023 3 p.m. MST,5415.0
PSCO,1/25/2023 4 p.m. MST,5511.0
PSCO,1/25/2023 5 p.m. MST,5704.0
PSCO,1/25/2023 6 p.m. MST,6066.0
PSCO,1/25/2023 7 p.m. MST,6114.0
PSCO,1/25/2023 8 p.m. MST,5954.0
PSCO,1/25/2023 9 p.m. MST,5843.0
PSCO,1/25/2023 10 p.m. MST,5570.0
PSCO,1/25/2023 11 p.m. MST,5277.0
PSCO,1/26/2023 12 a.m. MST,5031.0
PSCO,1/26/2023 1 a.m. MST,4897.0
PSCO,1/26/2023 2 a.m. MST,4839.0
PSCO,1/26/2023 3 a.m. MST,4823.0
PSCO,1/26/2023 4 a.m. MST,4811.0
PSCO,1/26/2023 5 a.m. MST,4980.0
PSCO,1/26/2023 6 a.m. MST,5251.0
PSCO,1/26/2023 7 a.m. MST,5675.0
PSCO,1/26/2023 8 a.m. MST,5882.0
PSCO,1/26/2023 9 a.m. MST,5771.0
PSCO,1/26/2023 10 a.m. MST,5573.0
PSCO,1/26/2023 11 a.m. MST,5379.0
PSCO,1/26/2023 12 p.m. MST,5248.0
PSCO,1/26/2023 1 p.m. MST,5142.0
PSCO,1/26/2023 2 p.m. MST,5097.0
PSCO,1/26/2023 3 p.m. MST,5160.0
PSCO,1/26/2023 4 p.m. MST,5289.0
PSCO,1/26/2023 5 p.m. MST,5602.0
PSCO,1/26/2023 6 p.m. MST,5942.0
PSCO,1/26/2023 7 p.m. MST,5949.0
PSCO,1/26/2023 8 p.m. MST,5839.0
PSCO,1/26/2023 9 p.m. MST,5681.0
PSCO,1/26/2023 10 p.m. MST,5421.0
PSCO,1/26/2023 11 p.m. MST,5098.0
PSCO,1/27/2023 12 a.m. MST,4841.0
PSCO,1/27/2023 1 a.m. MST,4676.0
PSCO,1/27/2023 2 a.m. MST,4579.0
PSCO,1/27/2023 3 a.m. MST,4552.0
PSCO,1/27/2023 4 a.m. MST,4575.0
PSCO,1/27/2023 5 a.m. MST,4688.0
PSCO,1/27/2023 6 a.m. MST,4934.0
PSCO,1/27/2023 7 a.m. MST,5335.0
PSCO,1/27/2023 8 a.m. MST,5535.0
PSCO,1/27/2023 9 a.m. MST,5495.0
PSCO,1/27/2023 10 a.m. MST,5289.0
PSCO,1/27/2023 11 a.m. MST,5223.0
PSCO,1/27/2023 12 p.m. MST,5154.0
PSCO,1/27/2023 1 p.m. MST,5052.0
PSCO,1/27/2023 2 p.m. MST,4983.0
PSCO,1/27/2023 3 p.m. MST,4989.0
PSCO,1/27/2023 4 p.m. MST,5065.0
PSCO,1/27/2023 5 p.m. MST,5230.0
PSCO,1/27/2023 6 p.m. MST,5609.0
PSCO,1/27/2023 7 p.m. MST,5671.0
PSCO,1/27/2023 8 p.m. MST,5572.0
PSCO,1/27/2023 9 p.m. MST,5407.0
PSCO,1/27/2023 10 p.m. MST,5234.0
PSCO,1/27/2023 11 p.m. MST,4985.0
PSCO,1/28/2023 12 a.m. MST,4767.0
PSCO,1/28/2023 1 a.m. MST,4579.0
PSCO,1/28/2023 2 a.m. MST,4480.0
PSCO,1/28/2023 3 a.m. MST,4424.0
PSCO,1/28/2023 4 a.m. MST,4446.0
PSCO,1/28/2023 5 a.m. MST,4505.0
PSCO,1/28/2023 6 a.m. MST,4643.0
PSCO,1/28/2023 7 a.m. MST,4849.0
PSCO,1/28/2023 8 a.m. MST,5016.0
PSCO,1/28/2023 9 a.m. MST,5000.0
PSCO,1/28/2023 10 a.m. MST,4981.0
PSCO,1/28/2023 11 a.m. MST,4977.0
PSCO,1/28/2023 12 p.m. MST,4992.0
PSCO,1/28/2023 1 p.m. MST,4965.0
PSCO,1/28/2023 2 p.m. MST,4977.0
PSCO,1/28/2023 3 p.m. MST,5066.0
PSCO,1/28/2023 4 p.m. MST,5174.0
PSCO,1/28/2023 5 p.m. MST,5399.0
PSCO,1/28/2023 6 p.m. MST,5723.0
PSCO,1/28/2023 7 p.m. MST,5800.0
PSCO,1/28/2023 8 p.m. MST,5708.0
PSCO,1/28/2023 9 p.m. MST,5617.0
PSCO,1/28/2023 10 p.m. MST,5481.0
PSCO,1/28/2023 11 p.m. MST,5278.0
PSCO,1/29/2023 12 a.m. MST,5083.0
PSCO,1/29/2023 1 a.m. MST,4918.0
PSCO,1/29/2023 2 a.m. MST,4855.0
PSCO,1/29/2023 3 a.m. MST,4804.0
PSCO,1/29/2023 4 a.m. MST,4856.0
PSCO,1/29/2023 5 a.m. MST,4963.0
PSCO,1/29/2023 6 a.m. MST,4974.0
PSCO,1/29/2023 7 a.m. MST,5162.0
PSCO,1/29/2023 8 a.m. MST,5342.0
PSCO,1/29/2023 9 a.m. MST,5512.0
PSCO,1/29/2023 10 a.m. MST,5646.0
PSCO,1/29/2023 11 a.m. MST,5761.0
PSCO,1/29/2023 12 p.m. MST,5767.0
PSCO,1/29/2023 1 p.m. MST,5803.0
PSCO,1/29/2023 2 p.m. MST,5888.0
PSCO,1/29/2023 3 p.m. MST,5883.0
PSCO,1/29/2023 4 p.m. MST,5983.0
PSCO,1/29/2023 5 p.m. MST,6158.0
PSCO,1/29/2023 6 p.m. MST,6434.0
PSCO,1/29/2023 7 p.m. MST,6716.0
PSCO,1/29/2023 8 p.m. MST,6130.0
PSCO,1/29/2023 9 p.m. MST,6189.0
PSCO,1/29/2023 10 p.m. MST,5800.0
PSCO,1/29/2023 11 p.m. MST,5650.0
PSCO,1/30/2023 12 a.m. MST,5411.0
PSCO,1/30/2023 1 a.m. MST,5281.0
PSCO,1/30/2023 2 a.m. MST,5244.0
PSCO,1/30/2023 3 a.m. MST,5220.0
PSCO,1/30/2023 4 a.m. MST,5188.0
PSCO,1/30/2023 5 a.m. MST,5298.0
PSCO,1/30/2023 6 a.m. MST,5472.0
PSCO,1/30/2023 7 a.m. MST,5918.0
PSCO,1/30/2023 8 a.m. MST,6172.0
PSCO,1/30/2023 9 a.m. MST,6193.0
PSCO,1/30/2023 10 a.m. MST,6158.0
PSCO,1/30/2023 11 a.m. MST,6161.0
PSCO,1/30/2023 12 p.m. MST,6108.0
PSCO,1/30/2023 1 p.m. MST,6108.0
PSCO,1/30/2023 2 p.m. MST,6013.0
PSCO,1/30/2023 3 p.m. MST,5976.0
PSCO,1/30/2023 4 p.m. MST,6039.0
PSCO,1/30/2023 5 p.m. MST,6242.0
PSCO,1/30/2023 6 p.m. MST,6541.0
PSCO,1/30/2023 7 p.m. MST,6645.0
PSCO,1/30/2023 8 p.m. MST,6539.0
PSCO,1/30/2023 9 p.m. MST,6358.0
PSCO,1/30/2023 10 p.m. MST,5994.0
PSCO,1/30/2023 11 p.m. MST,5729.0
PSCO,1/31/2023 12 a.m. MST,5481.0
PSCO,1/31/2023 1 a.m. MST,5332.0
PSCO,1/31/2023 2 a.m. MST,5201.0
PSCO,1/31/2023 3 a.m. MST,5178.0
PSCO,1/31/2023 4 a.m. MST,5263.0
PSCO,1/31/2023 5 a.m. MST,5374.0
PSCO,1/31/2023 6 a.m. MST,5604.0
PSCO,1/31/2023 7 a.m. MST,5992.0
PSCO,1/31/2023 8 a.m. MST,6212.0
PSCO,1/31/2023 9 a.m. MST,6177.0
PSCO,1/31/2023 10 a.m. MST,6083.0
PSCO,1/31/2023 11 a.m. MST,5943.0
PSCO,1/31/2023 12 p.m. MST,5773.0
PSCO,1/31/2023 1 p.m. MST,5548.0
PSCO,1/31/2023 2 p.m. MST,5422.0
PSCO,1/31/2023 3 p.m. MST,5353.0
PSCO,1/31/2023 4 p.m. MST,5359.0
PSCO,1/31/2023 5 p.m. MST,5628.0
PSCO,1/31/2023 6 p.m. MST,6109.0
PSCO,1/31/2023 7 p.m. MST,6243.0
PSCO,1/31/2023 8 p.m. MST,6166.0
PSCO,1/31/2023 9 p.m. MST,6040.0
PSCO,1/31/2023 10 p.m. MST,5817.0
PSCO,1/31/2023 11 p.m. MST,5488.0
PSCO,2/1/2023 12 a.m. MST,5253.0
PSCO,2/1/2023 12 a.m. MST,5253.0
PSCO,2/1/2023 1 a.m. MST,5112.0
PSCO,2/1/2023 2 a.m. MST,5058.0
PSCO,2/1/2023 3 a.m. MST,5024.0
PSCO,2/1/2023 4 a.m. MST,5051.0
PSCO,2/1/2023 5 a.m. MST,5151.0
PSCO,2/1/2023 6 a.m. MST,5352.0
PSCO,2/1/2023 7 a.m. MST,5768.0
PSCO,2/1/2023 8 a.m. MST,5947.0
PSCO,2/1/2023 9 a.m. MST,5764.0
PSCO,2/1/2023 10 a.m. MST,5532.0
PSCO,2/1/2023 11 a.m. MST,5312.0
PSCO,2/1/2023 12 p.m. MST,5119.0
PSCO,2/1/2023 1 p.m. MST,5033.0
PSCO,2/1/2023 2 p.m. MST,4895.0
PSCO,2/1/2023 3 p.m. MST,4871.0
PSCO,2/1/2023 4 p.m. MST,5018.0
PSCO,2/1/2023 5 p.m. MST,5252.0
PSCO,2/1/2023 6 p.m. MST,5657.0
PSCO,2/1/2023 7 p.m. MST,5816.0
PSCO,2/1/2023 8 p.m. MST,5763.0
PSCO,2/1/2023 9 p.m. MST,5664.0
PSCO,2/1/2023 10 p.m. MST,5428.0
PSCO,2/1/2023 11 p.m. MST,5133.0
PSCO,2/2/2023 12 a.m. MST,4879.0
PSCO,2/2/2023 1 a.m. MST,4686.0
PSCO,2/2/2023 2 a.m. MST,4633.0
PSCO,2/2/2023 3 a.m. MST,4597.0
PSCO,2/2/2023 4 a.m. MST,4684.0
PSCO,2/2/2023 5 a.m. MST,4791.0
PSCO,2/2/2023 6 a.m. MST,5123.0
PSCO,2/2/2023 7 a.m. MST,5480.0
PSCO,2/2/2023 8 a.m. MST,5663.0
PSCO,2/2/2023 9 a.m. MST,5454.0
PSCO,2/2/2023 10 a.m. MST,5172.0
PSCO,2/2/2023 11 a.m. MST,5025.0
PSCO,2/2/2023 12 p.m. MST,4914.0
PSCO,2/2/2023 1 p.m. MST,4782.0
PSCO,2/2/2023 2 p.m. MST,4788.0
PSCO,2/2/2023 3 p.m. MST,4740.0
PSCO,2/2/2023 4 p.m. MST,4806.0
PSCO,2/2/2023 5 p.m. MST,5118.0
PSCO,2/2/2023 6 p.m. MST,5503.0
PSCO,2/2/2023 7 p.m. MST,5656.0
PSCO,2/2/2023 8 p.m. MST,5601.0
PSCO,2/2/2023 9 p.m. MST,5486.0
PSCO,2/2/2023 10 p.m. MST,5256.0
PSCO,2/2/2023 11 p.m. MST,5025.0
PSCO,2/3/2023 12 a.m. MST,4769.0
PSCO,2/3/2023 1 a.m. MST,4705.0
PSCO,2/3/2023 2 a.m. MST,4648.0
PSCO,2/3/2023 3 a.m. MST,4566.0
PSCO,2/3/2023 4 a.m. MST,4639.0
PSCO,2/3/2023 5 a.m. MST,4803.0
PSCO,2/3/2023 6 a.m. MST,5021.0
PSCO,2/3/2023 7 a.m. MST,5408.0
PSCO,2/3/2023 8 a.m. MST,5600.0
PSCO,2/3/2023 9 a.m. MST,5382.0
PSCO,2/3/2023 10 a.m. MST,5161.0
PSCO,2/3/2023 11 a.m. MST,4950.0
PSCO,2/3/2023 12 p.m. MST,4789.0
PSCO,2/3/2023 1 p.m. MST,4709.0
PSCO,2/3/2023 2 p.m. MST,4684.0
PSCO,2/3/2023 3 p.m. MST,4730.0
PSCO,2/3/2023 4 p.m. MST,4798.0
PSCO,2/3/2023 5 p.m. MST,4981.0
PSCO,2/3/2023 6 p.m. MST,5345.0
PSCO,2/3/2023 7 p.m. MST,5434.0
PSCO,2/3/2023 8 p.m. MST,5341.0
PSCO,2/3/2023 9 p.m. MST,5251.0
PSCO,2/3/2023 10 p.m. MST,5075.0
PSCO,2/3/2023 11 p.m. MST,4838.0
PSCO,2/4/2023 12 a.m. MST,4570.0
PSCO,2/4/2023 1 a.m. MST,
PSCO,2/4/2023 2 a.m. MST,
PSCO,2/4/2023 3 a.m. MST,
PSCO,2/4/2023 4 a.m. MST,
PSCO,2/4/2023 5 a.m. MST,
PSCO,2/4/2023 6 a.m. MST,
PSCO,2/4/2023 7 a.m. MST,
PSCO,2/4/2023 8 a.m. MST,
PSCO,2/4/2023 9 a.m. MST,
PSCO,2/4/2023 10 a.m. MST,
PSCO,2/4/2023 11 a.m. MST,
PSCO,2/4/2023 12 p.m. MST,
PSCO,2/4/2023 1 p.m. MST,
PSCO,2/4/2023 2 p.m. MST,
PSCO,2/4/2023 3 p.m. MST,
PSCO,2/4/2023 4 p.m. MST,
PSCO,2/4/2023 5 p.m. MST,
PSCO,2/4/2023 6 p.m. MST,
PSCO,2/4/2023 7 p.m. MST,
PSCO,2/4/2023 8 p.m. MST,
PSCO,2/4/2023 9 p.m. MST,
PSCO,2/4/2023 10 p.m. MST,
PSCO,2/4/2023 11 p.m. MST,
PSCO,2/5/2023 12 a.m. MST,
PSCO,2/5/2023 1 a.m. MST,4323.0
PSCO,2/5/2023 2 a.m. MST,4239.0
PSCO,2/5/2023 3 a.m. MST,4207.0
PSCO,2/5/2023 4 a.m. MST,4210.0
PSCO,2/5/2023 5 a.m. MST,4266.0
PSCO,2/5/2023 6 a.m. MST,4381.0
PSCO,2/5/2023 7 a.m. MST,4563.0
PSCO,2/5/2023 8 a.m. MST,4667.0
PSCO,2/5/2023 9 a.m. MST,4634.0
PSCO,2/5/2023 10 a.m. MST,4427.0
PSCO,2/5/2023 11 a.m. MST,4331.0
PSCO,2/5/2023 12 p.m. MST,4212.0
PSCO,2/5/2023 1 p.m. MST,4153.0
PSCO,2/5/2023 2 p.m. MST,4132.0
PSCO,2/5/2023 3 p.m. MST,4175.0
PSCO,2/5/2023 4 p.m. MST,4327.0
PSCO,2/5/2023 5 p.m. MST,4686.0
PSCO,2/5/2023 6 p.m. MST,5183.0
PSCO,2/5/2023 7 p.m. MST,5403.0
PSCO,2/5/2023 8 p.m. MST,5266.0
PSCO,2/5/2023 9 p.m. MST,5204.0
PSCO,2/5/2023 10 p.m. MST,5002.0
PSCO,2/5/2023 11 p.m. MST,4718.0
PSCO,2/6/2023 12 a.m. MST,4460.0
PSCO,2/6/2023 1 a.m. MST,4331.0
PSCO,2/6/2023 2 a.m. MST,4254.0
PSCO,2/6/2023 3 a.m. MST,4249.0
PSCO,2/6/2023 4 a.m. MST,4276.0
PSCO,2/6/2023 5 a.m. MST,4423.0
PSCO,2/6/2023 6 a.m. MST,4669.0
PSCO,2/6/2023 7 a.m. MST,5113.0
PSCO,2/6/2023 8 a.m. MST,5331.0
PSCO,2/6/2023 9 a.m. MST,5247.0
PSCO,2/6/2023 10 a.m. MST,5057.0
PSCO,2/6/2023 11 a.m. MST,4911.0
PSCO,2/6/2023 12 p.m. MST,4804.0
PSCO,2/6/2023 1 p.m. MST,4763.0
PSCO,2/6/2023 2 p.m. MST,5015.0
PSCO,2/6/2023 3 p.m. MST,4931.0
PSCO,2/6/2023 4 p.m. MST,5022.0
PSCO,2/6/2023 5 p.m. MST,5246.0
PSCO,2/6/2023 6 p.m. MST,5609.0
PSCO,2/6/2023 7 p.m. MST,5738.0
PSCO,2/6/2023 8 p.m. MST,5606.0
PSCO,2/6/2023 9 p.m. MST,5402.0
PSCO,2/6/2023 10 p.m. MST,5222.0
PSCO,2/6/2023 11 p.m. MST,4925.0
PSCO,2/7/2023 12 a.m. MST,4685.0
PSCO,2/7/2023 1 a.m. MST,4567.0
PSCO,2/7/2023 2 a.m. MST,4507.0
PSCO,2/7/2023 3 a.m. MST,4508.0
PSCO,2/7/2023 4 a.m. MST,4534.0
PSCO,2/7/2023 5 a.m. MST,4697.0
PSCO,2/7/2023 6 a.m. MST,4989.0
PSCO,2/7/2023 7 a.m. MST,5419.0
PSCO,2/7/2023 8 a.m. MST,5542.0
PSCO,2/7/2023 9 a.m. MST,5308.0
PSCO,2/7/2023 10 a.m. MST,4982.0
PSCO,2/7/2023 11 a.m. MST,4941.0
PSCO,2/7/2023 12 p.m. MST,4777.0
PSCO,2/7/2023 1 p.m. MST,4663.0
PSCO,2/7/2023 2 p.m. MST,4574.0
PSCO,2/7/2023 3 p.m. MST,4593.0
PSCO,2/7/2023 4 p.m. MST,4716.0
PSCO,2/7/2023 5 p.m. MST,4939.0
PSCO,2/7/2023 6 p.m. MST,5326.0
PSCO,2/7/2023 7 p.m. MST,5504.0
PSCO,2/7/2023 8 p.m. MST,5441.0
PSCO,2/7/2023 9 p.m. MST,5409.0
PSCO,2/7/2023 10 p.m. MST,5248.0
PSCO,2/7/2023 11 p.m. MST,4960.0
PSCO,2/8/2023 12 a.m. MST,4781.0
PSCO,2/8/2023 1 a.m. MST,4592.0
PSCO,2/8/2023 2 a.m. MST,4517.0
PSCO,2/8/2023 3 a.m. MST,4560.0
PSCO,2/8/2023 4 a.m. MST,4582.0
PSCO,2/8/2023 5 a.m. MST,4704.0
PSCO,2/8/2023 6 a.m. MST,4993.0
PSCO,2/8/2023 7 a.m. MST,5334.0
PSCO,2/8/2023 8 a.m. MST,5503.0
PSCO,2/8/2023 9 a.m. MST,5266.0
PSCO,2/8/2023 10 a.m. MST,4998.0
PSCO,2/8/2023 11 a.m. MST,4822.0
PSCO,2/8/2023 12 p.m. MST,4690.0
PSCO,2/8/2023 1 p.m. MST,4669.0
PSCO,2/8/2023 2 p.m. MST,4808.0
PSCO,2/8/2023 3 p.m. MST,4727.0
PSCO,2/8/2023 4 p.m. MST,4666.0
PSCO,2/8/2023 5 p.m. MST,4844.0
PSCO,2/8/2023 6 p.m. MST,5357.0
PSCO,2/8/2023 7 p.m. MST,5667.0
PSCO,2/8/2023 8 p.m. MST,5599.0
PSCO,2/8/2023 9 p.m. MST,5503.0
PSCO,2/8/2023 10 p.m. MST,5276.0
PSCO,2/8/2023 11 p.m. MST,4970.0
PSCO,2/9/2023 12 a.m. MST,4761.0
PSCO,2/9/2023 1 a.m. MST,4596.0
PSCO,2/9/2023 2 a.m. MST,4559.0
PSCO,2/9/2023 3 a.m. MST,4529.0
PSCO,2/9/2023 4 a.m. MST,4558.0
PSCO,2/9/2023 5 a.m. MST,4659.0
PSCO,2/9/2023 6 a.m. MST,4956.0
PSCO,2/9/2023 7 a.m. MST,5383.0
PSCO,2/9/2023 8 a.m. MST,5553.0
PSCO,2/9/2023 9 a.m. MST,5556.0
PSCO,2/9/2023 10 a.m. MST,5449.0
PSCO,2/9/2023 11 a.m. MST,5292.0
PSCO,2/9/2023 12 p.m. MST,5215.0
PSCO,2/9/2023 1 p.m. MST,5197.0
PSCO,2/9/2023 2 p.m. MST,5095.0
PSCO,2/9/2023 3 p.m. MST,5077.0
PSCO,2/9/2023 4 p.m. MST,5231.0
PSCO,2/9/2023 5 p.m. MST,5441.0
PSCO,2/9/2023 6 p.m. MST,5850.0
PSCO,2/9/2023 7 p.m. MST,5985.0
PSCO,2/9/2023 8 p.m. MST,5882.0
PSCO,2/9/2023 9 p.m. MST,5733.0
PSCO,2/9/2023 10 p.m. MST,5484.0
PSCO,2/9/2023 11 p.m. MST,5202.0
PSCO,2/10/2023 12 a.m. MST,5012.0
PSCO,2/10/2023 1 a.m. MST,4867.0
PSCO,2/10/2023 2 a.m. MST,4814.0
PSCO,2/10/2023 3 a.m. MST,4818.0
PSCO,2/10/2023 4 a.m. MST,4847.0
PSCO,2/10/2023 5 a.m. MST,4973.0
PSCO,2/10/2023 6 a.m. MST,5235.0
PSCO,2/10/2023 7 a.m. MST,5532.0
PSCO,2/10/2023 8 a.m. MST,5659.0
PSCO,2/10/2023 9 a.m. MST,5460.0
PSCO,2/10/2023 10 a.m. MST,5195.0
PSCO,2/10/2023 11 a.m. MST,4954.0
PSCO,2/10/2023 12 p.m. MST,4775.0
PSCO,2/10/2023 1 p.m. MST,4624.0
PSCO,2/10/2023 2 p.m. MST,4536.0
PSCO,2/10/2023 3 p.m. MST,4498.0
PSCO,2/10/2023 4 p.m. MST,4618.0
PSCO,2/10/2023 5 p.m. MST,4901.0
PSCO,2/10/2023 6 p.m. MST,5312.0
PSCO,2/10/2023 7 p.m. MST,5480.0
PSCO,2/10/2023 8 p.m. MST,5429.0
PSCO,2/10/2023 9 p.m. MST,5344.0
PSCO,2/10/2023 10 p.m. MST,5160.0
PSCO,2/10/2023 11 p.m. MST,4949.0
PSCO,2/11/2023 12 a.m. MST,4737.0
PSCO,2/11/2023 1 a.m. MST,4586.0
PSCO,2/11/2023 2 a.m. MST,4523.0
PSCO,2/11/2023 3 a.m. MST,4479.0
PSCO,2/11/2023 4 a.m. MST,4482.0
PSCO,2/11/2023 5 a.m. MST,4547.0
PSCO,2/11/2023 6 a.m. MST,4660.0
PSCO,2/11/2023 7 a.m. MST,4853.0
PSCO,2/11/2023 8 a.m. MST,4866.0
PSCO,2/11/2023 9 a.m. MST,4691.0
PSCO,2/11/2023 10 a.m. MST,4547.0
PSCO,2/11/2023 11 a.m. MST,4456.0
PSCO,2/11/2023 12 p.m. MST,4302.0
PSCO,2/11/2023 1 p.m. MST,4182.0
PSCO,2/11/2023 2 p.m. MST,4199.0
PSCO,2/11/2023 3 p.m. MST,4311.0
PSCO,2/11/2023 4 p.m. MST,4429.0
PSCO,2/11/2023 5 p.m. MST,4682.0
PSCO,2/11/2023 6 p.m. MST,5011.0
PSCO,2/11/2023 7 p.m. MST,5166.0
PSCO,2/11/2023 8 p.m. MST,5094.0
PSCO,2/11/2023 9 p.m. MST,5017.0
PSCO,2/11/2023 10 p.m. MST,4876.0
PSCO,2/11/2023 11 p.m. MST,4673.0
PSCO,2/12/2023 12 a.m. MST,4455.0
PSCO,2/12/2023 1 a.m. MST,4310.0
PSCO,2/12/2023 2 a.m. MST,4238.0
PSCO,2/12/2023 3 a.m. MST,4164.0
PSCO,2/12/2023 4 a.m. MST,4206.0
PSCO,2/12/2023 5 a.m. MST,4239.0
PSCO,2/12/2023 6 a.m. MST,4357.0
PSCO,2/12/2023 7 a.m. MST,4526.0
PSCO,2/12/2023 8 a.m. MST,4572.0
PSCO,2/12/2023 9 a.m. MST,4440.0
PSCO,2/12/2023 10 a.m. MST,4382.0
PSCO,2/12/2023 11 a.m. MST,4319.0
PSCO,2/12/2023 12 p.m. MST,4245.0
PSCO,2/12/2023 1 p.m. MST,4234.0
PSCO,2/12/2023 2 p.m. MST,4241.0
PSCO,2/12/2023 3 p.m. MST,4299.0
PSCO,2/12/2023 4 p.m. MST,4465.0
PSCO,2/12/2023 5 p.m. MST,4706.0
PSCO,2/12/2023 6 p.m. MST,4952.0
PSCO,2/12/2023 7 p.m. MST,5049.0
PSCO,2/12/2023 8 p.m. MST,5017.0
PSCO,2/12/2023 9 p.m. MST,4971.0
PSCO,2/12/2023 10 p.m. MST,4909.0
PSCO,2/12/2023 11 p.m. MST,4654.0
PSCO,2/13/2023 12 a.m. MST,4448.0
PSCO,2/13/2023 1 a.m. MST,4277.0
PSCO,2/13/2023 2 a.m. MST,4256.0
PSCO,2/13/2023 3 a.m. MST,4260.0
PSCO,2/13/2023 4 a.m. MST,4302.0
PSCO,2/13/2023 5 a.m. MST,4475.0
PSCO,2/13/2023 6 a.m. MST,4761.0
PSCO,2/13/2023 7 a.m. MST,5163.0
PSCO,2/13/2023 8 a.m. MST,5300.0
PSCO,2/13/2023 9 a.m. MST,5019.0
PSCO,2/13/2023 10 a.m. MST,4806.0
PSCO,2/13/2023 11 a.m. MST,4696.0
PSCO,2/13/2023 12 p.m. MST,4625.0
PSCO,2/13/2023 1 p.m. MST,4623.0
PSCO,2/13/2023 2 p.m. MST,4703.0
PSCO,2/13/2023 3 p.m. MST,4883.0
PSCO,2/13/2023 4 p.m. MST,4905.0
PSCO,2/13/2023 5 p.m. MST,5068.0
PSCO,2/13/2023 6 p.m. MST,5333.0
PSCO,2/13/2023 7 p.m. MST,5439.0
PSCO,2/13/2023 8 p.m. MST,5351.0
PSCO,2/13/2023 9 p.m. MST,5259.0
PSCO,2/13/2023 10 p.m. MST,5005.0
PSCO,2/13/2023 11 p.m. MST,4684.0
PSCO,2/14/2023 12 a.m. MST,4444.0
PSCO,2/14/2023 1 a.m. MST,4294.0
PSCO,2/14/2023 2 a.m. MST,4221.0
PSCO,2/14/2023 3 a.m. MST,4206.0
PSCO,2/14/2023 4 a.m. MST,4205.0
PSCO,2/14/2023 5 a.m. MST,4330.0
PSCO,2/14/2023 6 a.m. MST,4582.0
PSCO,2/14/2023 7 a.m. MST,5058.0
PSCO,2/14/2023 8 a.m. MST,5183.0
PSCO,2/14/2023 9 a.m. MST,5018.0
PSCO,2/14/2023 10 a.m. MST,4829.0
PSCO,2/14/2023 11 a.m. MST,4794.0
PSCO,2/14/2023 12 p.m. MST,4709.0
PSCO,2/14/2023 1 p.m. MST,4689.0
PSCO,2/14/2023 2 p.m. MST,4735.0
PSCO,2/14/2023 3 p.m. MST,4737.0
PSCO,2/14/2023 4 p.m. MST,4856.0
PSCO,2/14/2023 5 p.m. MST,5142.0
PSCO,2/14/2023 6 p.m. MST,5591.0
PSCO,2/14/2023 7 p.m. MST,5721.0
PSCO,2/14/2023 8 p.m. MST,5604.0
PSCO,2/14/2023 9 p.m. MST,5487.0
PSCO,2/14/2023 10 p.m. MST,5292.0
PSCO,2/14/2023 11 p.m. MST,5024.0
PSCO,2/15/2023 12 a.m. MST,4811.0
PSCO,2/15/2023 1 a.m. MST,4658.0
PSCO,2/15/2023 2 a.m. MST,4625.0
PSCO,2/15/2023 3 a.m. MST,4610.0
PSCO,2/15/2023 4 a.m. MST,4657.0
PSCO,2/15/2023 5 a.m. MST,4828.0
PSCO,2/15/2023 6 a.m. MST,5003.0
PSCO,2/15/2023 7 a.m. MST,5415.0
PSCO,2/15/2023 8 a.m. MST,5701.0
PSCO,2/15/2023 9 a.m. MST,5900.0
PSCO,2/15/2023 10 a.m. MST,6025.0
PSCO,2/15/2023 11 a.m. MST,6090.0
PSCO,2/15/2023 12 p.m. MST,6090.0
PSCO,2/15/2023 1 p.m. MST,6053.0
PSCO,2/15/2023 2 p.m. MST,6020.0
PSCO,2/15/2023 3 p.m. MST,5944.0
PSCO,2/15/2023 4 p.m. MST,6047.0
PSCO,2/15/2023 5 p.m. MST,6153.0
PSCO,2/15/2023 6 p.m. MST,6339.0
PSCO,2/15/2023 7 p.m. MST,6452.0
PSCO,2/15/2023 8 p.m. MST,6299.0
PSCO,2/15/2023 9 p.m. MST,6130.0
PSCO,2/15/2023 10 p.m. MST,5817.0
PSCO,2/15/2023 11 p.m. MST,5522.0
PSCO,2/16/2023 12 a.m. MST,5124.0
PSCO,2/16/2023 1 a.m. MST,4944.0
PSCO,2/16/2023 2 a.m. MST,4885.0
PSCO,2/16/2023 3 a.m. MST,4891.0
PSCO,2/16/2023 4 a.m. MST,4952.0
PSCO,2/16/2023 5 a.m. MST,5188.0
PSCO,2/16/2023 6 a.m. MST,5431.0
PSCO,2/16/2023 7 a.m. MST,5817.0
PSCO,2/16/2023 8 a.m. MST,6051.0
PSCO,2/16/2023 9 a.m. MST,6070.0
PSCO,2/16/2023 10 a.m. MST,5984.0
PSCO,2/16/2023 11 a.m. MST,5867.0
PSCO,2/16/2023 12 p.m. MST,5715.0
PSCO,2/16/2023 1 p.m. MST,5510.0
PSCO,2/16/2023 2 p.m. MST,5400.0
PSCO,2/16/2023 3 p.m. MST,5289.0
PSCO,2/16/2023 4 p.m. MST,5272.0
PSCO,2/16/2023 5 p.m. MST,5500.0
PSCO,2/16/2023 6 p.m. MST,5861.0
PSCO,2/16/2023 7 p.m. MST,6095.0
PSCO,2/16/2023 8 p.m. MST,6048.0
PSCO,2/16/2023 9 p.m. MST,5922.0
PSCO,2/16/2023 10 p.m. MST,5674.0
PSCO,2/16/2023 11 p.m. MST,5399.0
PSCO,2/17/2023 12 a.m. MST,5007.0
PSCO,2/17/2023 1 a.m. MST,4999.0
PSCO,2/17/2023 2 a.m. MST,4924.0
PSCO,2/17/2023 3 a.m. MST,4887.0
PSCO,2/17/2023 4 a.m. MST,4932.0
PSCO,2/17/2023 5 a.m. MST,5019.0
PSCO,2/17/2023 6 a.m. MST,5257.0
PSCO,2/17/2023 7 a.m. MST,5587.0
PSCO,2/17/2023 8 a.m. MST,5719.0
PSCO,2/17/2023 9 a.m. MST,5556.0
PSCO,2/17/2023 10 a.m. MST,5338.0
PSCO,2/17/2023 11 a.m. MST,5256.0
PSCO,2/17/2023 12 p.m. MST,5131.0
PSCO,2/17/2023 1 p.m. MST,4932.0
PSCO,2/17/2023 2 p.m. MST,4807.0
PSCO,2/17/2023 3 p.m. MST,4756.0
PSCO,2/17/2023 4 p.m. MST,4773.0
PSCO,2/17/2023 5 p.m. MST,5010.0
PSCO,2/17/2023 6 p.m. MST,5362.0
PSCO,2/17/2023 7 p.m. MST,5536.0
PSCO,2/17/2023 8 p.m. MST,5476.0
PSCO,2/17/2023 9 p.m. MST,5361.0
PSCO,2/17/2023 10 p.m. MST,5200.0
PSCO,2/17/2023 11 p.m. MST,4955.0
PSCO,2/18/2023 12 a.m. MST,4735.0
PSCO,2/18/2023 1 a.m. MST,4593.0
PSCO,2/18/2023 2 a.m. MST,4446.0
PSCO,2/18/2023 3 a.m. MST,4452.0
PSCO,2/18/2023 4 a.m. MST,4497.0
PSCO,2/18/2023 5 a.m. MST,4558.0
PSCO,2/18/2023 6 a.m. MST,4668.0
PSCO,2/18/2023 7 a.m. MST,4866.0
PSCO,2/18/2023 8 a.m. MST,4993.0
PSCO,2/18/2023 9 a.m. MST,5054.0
PSCO,2/18/2023 10 a.m. MST,4894.0
PSCO,2/18/2023 11 a.m. MST,4722.0
PSCO,2/18/2023 12 p.m. MST,4523.0
PSCO,2/18/2023 1 p.m. MST,4559.0
PSCO,2/18/2023 2 p.m. MST,4515.0
PSCO,2/18/2023 3 p.m. MST,4372.0
PSCO,2/18/2023 4 p.m. MST,4371.0
PSCO,2/18/2023 5 p.m. MST,4592.0
PSCO,2/18/2023 6 p.m. MST,4961.0
PSCO,2/18/2023 7 p.m. MST,5185.0
PSCO,2/18/2023 8 p.m. MST,5178.0
PSCO,2/18/2023 9 p.m. MST,5119.0
PSCO,2/18/2023 10 p.m. MST,4922.0
PSCO,2/18/2023 11 p.m. MST,4782.0
PSCO,2/19/2023 12 a.m. MST,4553.0
PSCO,2/19/2023 1 a.m. MST,4451.0
PSCO,2/19/2023 2 a.m. MST,4353.0
PSCO,2/19/2023 3 a.m. MST,4328.0
PSCO,2/19/2023 4 a.m. MST,4318.0
PSCO,2/19/2023 5 a.m. MST,4341.0
PSCO,2/19/2023 6 a.m. MST,4437.0
PSCO,2/19/2023 7 a.m. MST,4577.0
PSCO,2/19/2023 8 a.m. MST,4591.0
PSCO,2/19/2023 9 a.m. MST,4451.0
PSCO,2/19/2023 10 a.m. MST,4331.0
PSCO,2/19/2023 11 a.m. MST,4278.0
PSCO,2/19/2023 12 p.m. MST,4289.0
PSCO,2/19/2023 1 p.m. MST,4271.0
PSCO,2/19/2023 2 p.m. MST,4238.0
PSCO,2/19/2023 3 p.m. MST,4230.0
PSCO,2/19/2023 4 p.m. MST,4341.0
PSCO,2/19/2023 5 p.m. MST,4578.0
PSCO,2/19/2023 6 p.m. MST,5036.0
PSCO,2/19/2023 7 p.m. MST,5291.0
PSCO,2/19/2023 8 p.m. MST,5254.0
PSCO,2/19/2023 9 p.m. MST,5149.0
PSCO,2/19/2023 10 p.m. MST,4957.0
PSCO,2/19/2023 11 p.m. MST,4697.0
PSCO,2/20/2023 12 a.m. MST,4474.0
PSCO,2/20/2023 1 a.m. MST,4309.0
PSCO,2/20/2023 2 a.m. MST,4243.0
PSCO,2/20/2023 3 a.m. MST,4218.0
PSCO,2/20/2023 4 a.m. MST,4225.0
PSCO,2/20/2023 5 a.m. MST,4327.0
PSCO,2/20/2023 6 a.m. MST,4577.0
PSCO,2/20/2023 7 a.m. MST,4862.0
PSCO,2/20/2023 8 a.m. MST,4863.0
PSCO,2/20/2023 9 a.m. MST,4959.0
PSCO,2/20/2023 10 a.m. MST,4999.0
PSCO,2/20/2023 11 a.m. MST,5018.0
PSCO,2/20/2023 12 p.m. MST,5016.0
PSCO,2/20/2023 1 p.m. MST,4786.0
PSCO,2/20/2023 2 p.m. MST,4836.0
PSCO,2/20/2023 3 p.m. MST,4728.0
PSCO,2/20/2023 4 p.m. MST,4761.0
PSCO,2/20/2023 5 p.m. MST,4942.0
PSCO,2/20/2023 6 p.m. MST,5262.0
PSCO,2/20/2023 7 p.m. MST,5463.0
PSCO,2/20/2023 8 p.m. MST,5372.0
PSCO,2/20/2023 9 p.m. MST,5184.0
PSCO,2/20/2023 10 p.m. MST,5082.0
PSCO,2/20/2023 11 p.m. MST,4694.0
PSCO,2/21/2023 12 a.m. MST,4445.0
PSCO,2/21/2023 1 a.m. MST,4301.0
PSCO,2/21/2023 2 a.m. MST,4229.0
PSCO,2/21/2023 3 a.m. MST,4210.0
PSCO,2/21/2023 4 a.m. MST,4236.0
PSCO,2/21/2023 5 a.m. MST,4380.0
PSCO,2/21/2023 6 a.m. MST,4631.0
PSCO,2/21/2023 7 a.m. MST,5026.0
PSCO,2/21/2023 8 a.m. MST,5102.0
PSCO,2/21/2023 9 a.m. MST,4909.0
PSCO,2/21/2023 10 a.m. MST,4648.0
PSCO,2/21/2023 11 a.m. MST,4530.0
PSCO,2/21/2023 12 p.m. MST,4458.0
PSCO,2/21/2023 1 p.m. MST,4385.0
PSCO,2/21/2023 2 p.m. MST,4417.0
PSCO,2/21/2023 3 p.m. MST,4482.0
PSCO,2/21/2023 4 p.m. MST,4632.0
PSCO,2/21/2023 5 p.m. MST,4861.0
PSCO,2/21/2023 6 p.m. MST,5153.0
PSCO,2/21/2023 7 p.m. MST,5344.0
PSCO,2/21/2023 8 p.m. MST,5263.0
PSCO,2/21/2023 9 p.m. MST,5093.0
PSCO,2/21/2023 10 p.m. MST,4821.0
PSCO,2/21/2023 11 p.m. MST,4522.0
PSCO,2/22/2023 12 a.m. MST,4289.0
PSCO,2/22/2023 1 a.m. MST,4188.0
PSCO,2/22/2023 2 a.m. MST,4215.0
PSCO,2/22/2023 3 a.m. MST,4260.0
PSCO,2/22/2023 4 a.m. MST,4366.0
PSCO,2/22/2023 5 a.m. MST,4501.0
PSCO,2/22/2023 6 a.m. MST,4832.0
PSCO,2/22/2023 7 a.m. MST,5265.0
PSCO,2/22/2023 8 a.m. MST,5565.0
PSCO,2/22/2023 9 a.m. MST,5706.0
PSCO,2/22/2023 10 a.m. MST,5832.0
PSCO,2/22/2023 11 a.m. MST,5944.0
PSCO,2/22/2023 12 p.m. MST,5978.0
PSCO,2/22/2023 1 p.m. MST,5970.0
PSCO,2/22/2023 2 p.m. MST,5961.0
PSCO,2/22/2023 3 p.m. MST,5973.0
PSCO,2/22/2023 4 p.m. MST,6022.0
PSCO,2/22/2023 5 p.m. MST,6122.0
PSCO,2/22/2023 6 p.m. MST,6411.0
PSCO,2/22/2023 7 p.m. MST,6522.0
PSCO,2/22/2023 8 p.m. MST,6411.0
PSCO,2/22/2023 9 p.m. MST,6214.0
PSCO,2/22/2023 10 p.m. MST,6015.0
PSCO,2/22/2023 11 p.m. MST,5693.0
PSCO,2/23/2023 12 a.m. MST,5489.0
PSCO,2/23/2023 1 a.m. MST,5260.0
PSCO,2/23/2023 2 a.m. MST,4927.0
PSCO,2/23/2023 3 a.m. MST,4987.0
PSCO,2/23/2023 4 a.m. MST,5187.0
PSCO,2/23/2023 5 a.m. MST,5374.0
PSCO,2/23/2023 6 a.m. MST,5788.0
PSCO,2/23/2023 7 a.m. MST,5919.0
PSCO,2/23/2023 8 a.m. MST,6066.0
PSCO,2/23/2023 9 a.m. MST,6057.0
PSCO,2/23/2023 10 a.m. MST,5876.0
PSCO,2/23/2023 11 a.m. MST,5821.0
PSCO,2/23/2023 12 p.m. MST,5737.0
PSCO,2/23/2023 1 p.m. MST,5671.0
PSCO,2/23/2023 2 p.m. MST,5666.0
PSCO,2/23/2023 3 p.m. MST,5584.0
PSCO,2/23/2023 4 p.m. MST,5677.0
PSCO,2/23/2023 5 p.m. MST,6164.0
PSCO,2/23/2023 6 p.m. MST,6192.0
PSCO,2/23/2023 7 p.m. MST,6351.0
PSCO,2/23/2023 8 p.m. MST,6259.0
PSCO,2/23/2023 9 p.m. MST,6078.0
PSCO,2/23/2023 10 p.m. MST,5876.0
PSCO,2/23/2023 11 p.m. MST,5577.0
PSCO,2/24/2023 12 a.m. MST,5304.0
PSCO,2/24/2023 1 a.m. MST,5155.0
PSCO,2/24/2023 2 a.m. MST,5114.0
PSCO,2/24/2023 3 a.m. MST,5099.0
PSCO,2/24/2023 4 a.m. MST,5099.0
PSCO,2/24/2023 5 a.m. MST,5196.0
PSCO,2/24/2023 6 a.m. MST,5491.0
PSCO,2/24/2023 7 a.m. MST,5849.0
PSCO,2/24/2023 8 a.m. MST,5966.0
PSCO,2/24/2023 9 a.m. MST,5905.0
PSCO,2/24/2023 10 a.m. MST,5785.0
PSCO,2/24/2023 11 a.m. MST,5673.0
PSCO,2/24/2023 12 p.m. MST,5572.0
PSCO,2/24/2023 1 p.m. MST,5360.0
PSCO,2/24/2023 2 p.m. MST,5175.0
PSCO,2/24/2023 3 p.m. MST,5108.0
PSCO,2/24/2023 4 p.m. MST,5078.0
PSCO,2/24/2023 5 p.m. MST,5267.0
PSCO,2/24/2023 6 p.m. MST,5572.0
PSCO,2/24/2023 7 p.m. MST,5725.0
PSCO,2/24/2023 8 p.m. MST,5588.0
PSCO,2/24/2023 9 p.m. MST,5399.0
PSCO,2/24/2023 10 p.m. MST,5486.0
PSCO,2/24/2023 11 p.m. MST,5130.0
PSCO,2/25/2023 12 a.m. MST,4903.0
PSCO,2/25/2023 1 a.m. MST,4744.0
PSCO,2/25/2023 2 a.m. MST,4650.0
PSCO,2/25/2023 3 a.m. MST,4596.0
PSCO,2/25/2023 4 a.m. MST,4569.0
PSCO,2/25/2023 5 a.m. MST,4613.0
PSCO,2/25/2023 6 a.m. MST,4768.0
PSCO,2/25/2023 7 a.m. MST,4927.0
PSCO,2/25/2023 8 a.m. MST,4963.0
PSCO,2/25/2023 9 a.m. MST,4824.0
PSCO,2/25/2023 10 a.m. MST,4680.0
PSCO,2/25/2023 11 a.m. MST,4538.0
PSCO,2/25/2023 12 p.m. MST,4383.0
PSCO,2/25/2023 1 p.m. MST,4307.0
PSCO,2/25/2023 2 p.m. MST,4184.0
PSCO,2/25/2023 3 p.m. MST,4177.0
PSCO,2/25/2023 4 p.m. MST,4299.0
PSCO,2/25/2023 5 p.m. MST,4556.0
PSCO,2/25/2023 6 p.m. MST,4898.0
PSCO,2/25/2023 7 p.m. MST,5131.0
PSCO,2/25/2023 8 p.m. MST,5041.0
PSCO,2/25/2023 9 p.m. MST,5004.0
PSCO,2/25/2023 10 p.m. MST,4871.0
PSCO,2/25/2023 11 p.m. MST,4683.0
PSCO,2/26/2023 12 a.m. MST,4493.0
PSCO,2/26/2023 1 a.m. MST,4316.0
PSCO,2/26/2023 2 a.m. MST,4249.0
PSCO,2/26/2023 3 a.m. MST,4185.0
PSCO,2/26/2023 4 a.m. MST,4198.0
PSCO,2/26/2023 5 a.m. MST,4247.0
PSCO,2/26/2023 6 a.m. MST,4326.0
PSCO,2/26/2023 7 a.m. MST,4474.0
PSCO,2/26/2023 8 a.m. MST,4450.0
PSCO,2/26/2023 9 a.m. MST,4352.0
PSCO,2/26/2023 10 a.m. MST,4263.0
PSCO,2/26/2023 11 a.m. MST,4234.0
PSCO,2/26/2023 12 p.m. MST,4258.0
PSCO,2/26/2023 1 p.m. MST,4280.0
PSCO,2/26/2023 2 p.m. MST,4276.0
PSCO,2/26/2023 3 p.m. MST,4347.0
PSCO,2/26/2023 4 p.m. MST,4502.0
PSCO,2/26/2023 5 p.m. MST,4734.0
PSCO,2/26/2023 6 p.m. MST,4949.0
PSCO,2/26/2023 7 p.m. MST,5266.0
PSCO,2/26/2023 8 p.m. MST,5242.0
PSCO,2/26/2023 9 p.m. MST,5126.0
PSCO,2/26/2023 10 p.m. MST,4851.0
PSCO,2/26/2023 11 p.m. MST,4589.0
PSCO,2/27/2023 12 a.m. MST,4397.0
PSCO,2/27/2023 1 a.m. MST,4244.0
PSCO,2/27/2023 2 a.m. MST,4130.0
PSCO,2/27/2023 3 a.m. MST,4096.0
PSCO,2/27/2023 4 a.m. MST,4218.0
PSCO,2/27/2023 5 a.m. MST,4362.0
PSCO,2/27/2023 6 a.m. MST,4651.0
PSCO,2/27/2023 7 a.m. MST,5052.0
PSCO,2/27/2023 8 a.m. MST,5085.0
PSCO,2/27/2023 9 a.m. MST,4924.0
PSCO,2/27/2023 10 a.m. MST,4781.0
PSCO,2/27/2023 11 a.m. MST,4643.0
PSCO,2/27/2023 12 p.m. MST,4540.0
PSCO,2/27/2023 1 p.m. MST,4459.0
PSCO,2/27/2023 2 p.m. MST,4476.0
PSCO,2/27/2023 3 p.m. MST,4491.0
PSCO,2/27/2023 4 p.m. MST,4587.0
PSCO,2/27/2023 5 p.m. MST,4797.0
PSCO,2/27/2023 6 p.m. MST,5151.0
PSCO,2/27/2023 7 p.m. MST,5430.0
PSCO,2/27/2023 8 p.m. MST,5355.0
PSCO,2/27/2023 9 p.m. MST,5157.0
PSCO,2/27/2023 10 p.m. MST,4924.0
PSCO,2/27/2023 11 p.m. MST,4653.0
PSCO,2/28/2023 12 a.m. MST,4458.0
PSCO,2/28/2023 1 a.m. MST,
PSCO,2/28/2023 2 a.m. MST,
PSCO,2/28/2023 3 a.m. MST,
PSCO,2/28/2023 4 a.m. MST,
PSCO,2/28/2023 5 a.m. MST,
PSCO,2/28/2023 6 a.m. MST,
PSCO,2/28/2023 7 a.m. MST,
PSCO,2/28/2023 8 a.m. MST,
PSCO,2/28/2023 9 a.m. MST,
PSCO,2/28/2023 10 a.m. MST,
PSCO,2/28/2023 11 a.m. MST,
PSCO,2/28/2023 12 p.m. MST,
PSCO,2/28/2023 1 p.m. MST,
PSCO,2/28/2023 2 p.m. MST,
PSCO,2/28/2023 3 p.m. MST,
PSCO,2/28/2023 4 p.m. MST,
PSCO,2/28/2023 5 p.m. MST,
PSCO,2/28/2023 6 p.m. MST,
PSCO,2/28/2023 7 p.m. MST,
PSCO,2/28/2023 8 p.m. MST,
PSCO,2/28/2023 9 p.m. MST,
PSCO,2/28/2023 10 p.m. MST,
PSCO,2/28/2023 11 p.m. MST,
PSCO,3/1/2023 12 a.m. MST,
PSCO,3/1/2023 12 a.m. MST,
PSCO,3/1/2023 1 a.m. MST,
PSCO,3/6/2023 1 a.m. MST,4339.0
PSCO,3/6/2023 2 a.m. MST,4300.0
PSCO,3/6/2023 3 a.m. MST,4296.0
PSCO,3/6/2023 4 a.m. MST,4362.0
PSCO,3/6/2023 5 a.m. MST,4512.0
PSCO,3/6/2023 6 a.m. MST,4834.0
PSCO,3/6/2023 7 a.m. MST,5191.0
PSCO,3/6/2023 8 a.m. MST,5103.0
PSCO,3/6/2023 9 a.m. MST,4950.0
PSCO,3/6/2023 10 a.m. MST,4736.0
PSCO,3/6/2023 11 a.m. MST,4676.0
PSCO,3/6/2023 12 p.m. MST,4548.0
PSCO,3/6/2023 1 p.m. MST,4511.0
PSCO,3/6/2023 2 p.m. MST,4469.0
PSCO,3/6/2023 3 p.m. MST,4548.0
PSCO,3/6/2023 4 p.m. MST,4657.0
PSCO,3/6/2023 5 p.m. MST,4973.0
PSCO,3/6/2023 6 p.m. MST,5358.0
PSCO,3/6/2023 7 p.m. MST,5562.0
PSCO,3/6/2023 8 p.m. MST,5511.0
PSCO,3/6/2023 9 p.m. MST,5345.0
PSCO,3/6/2023 10 p.m. MST,5097.0
PSCO,3/6/2023 11 p.m. MST,4821.0
PSCO,3/7/2023 12 a.m. MST,4600.0
PSCO,3/7/2023 1 a.m. MST,4461.0
PSCO,3/7/2023 2 a.m. MST,4356.0
PSCO,3/7/2023 3 a.m. MST,4333.0
PSCO,3/7/2023 4 a.m. MST,4387.0
PSCO,3/7/2023 5 a.m. MST,4371.0
PSCO,3/7/2023 6 a.m. MST,4674.0
PSCO,3/7/2023 7 a.m. MST,5007.0
PSCO,3/7/2023 8 a.m. MST,5256.0
PSCO,3/7/2023 9 a.m. MST,5345.0
PSCO,3/7/2023 10 a.m. MST,5396.0
PSCO,3/7/2023 11 a.m. MST,5380.0
PSCO,3/7/2023 12 p.m. MST,5288.0
PSCO,3/7/2023 1 p.m. MST,5243.0
PSCO,3/7/2023 2 p.m. MST,5249.0
PSCO,3/7/2023 3 p.m. MST,5229.0
PSCO,3/7/2023 4 p.m. MST,5248.0
PSCO,3/7/2023 5 p.m. MST,5430.0
PSCO,3/7/2023 6 p.m. MST,5652.0
PSCO,3/7/2023 7 p.m. MST,5706.0
PSCO,3/7/2023 8 p.m. MST,5585.0
PSCO,3/7/2023 9 p.m. MST,5488.0
PSCO,3/7/2023 10 p.m. MST,5212.0
PSCO,3/7/2023 11 p.m. MST,4921.0
PSCO,3/8/2023 12 a.m. MST,4713.0
PSCO,3/8/2023 1 a.m. MST,4556.0
PSCO,3/8/2023 2 a.m. MST,4409.0
PSCO,3/8/2023 3 a.m. MST,4377.0
PSCO,3/8/2023 4 a.m. MST,4375.0
PSCO,3/8/2023 5 a.m. MST,4527.0
PSCO,3/8/2023 6 a.m. MST,4775.0
PSCO,3/8/2023 7 a.m. MST,5193.0
PSCO,3/8/2023 8 a.m. MST,5357.0
PSCO,3/8/2023 9 a.m. MST,5324.0
PSCO,3/8/2023 10 a.m. MST,5310.0
PSCO,3/8/2023 11 a.m. MST,5119.0
PSCO,3/8/2023 12 p.m. MST,4956.0
PSCO,3/8/2023 1 p.m. MST,4879.0
PSCO,3/8/2023 2 p.m. MST,4841.0
PSCO,3/8/2023 3 p.m. MST,4939.0
PSCO,3/8/2023 4 p.m. MST,5017.0
PSCO,3/8/2023 5 p.m. MST,5233.0
PSCO,3/8/2023 6 p.m. MST,5456.0
PSCO,3/8/2023 7 p.m. MST,5618.0
PSCO,3/8/2023 8 p.m. MST,5539.0
PSCO,3/8/2023 9 p.m. MST,5398.0
PSCO,3/8/2023 10 p.m. MST,5149.0
PSCO,3/8/2023 11 p.m. MST,4858.0
PSCO,3/9/2023 12 a.m. MST,4601.0
PSCO,3/9/2023 1 a.m. MST,4483.0
PSCO,3/9/2023 2 a.m. MST,4427.0
PSCO,3/9/2023 3 a.m. MST,4401.0
PSCO,3/9/2023 4 a.m. MST,4438.0
PSCO,3/9/2023 5 a.m. MST,4540.0
PSCO,3/9/2023 6 a.m. MST,4767.0
PSCO,3/9/2023 7 a.m. MST,5149.0
PSCO,3/9/2023 8 a.m. MST,5140.0
PSCO,3/9/2023 9 a.m. MST,4890.0
PSCO,3/9/2023 10 a.m. MST,4740.0
PSCO,3/9/2023 11 a.m. MST,4523.0
PSCO,3/9/2023 12 p.m. MST,4436.0
PSCO,3/9/2023 1 p.m. MST,4356.0
PSCO,3/9/2023 2 p.m. MST,4349.0
PSCO,3/9/2023 3 p.m. MST,4389.0
PSCO,3/9/2023 4 p.m. MST,4447.0
PSCO,3/9/2023 5 p.m. MST,4658.0
PSCO,3/9/2023 6 p.m. MST,4991.0
PSCO,3/9/2023 7 p.m. MST,5278.0
PSCO,3/9/2023 8 p.m. MST,5284.0
PSCO,3/9/2023 9 p.m. MST,5196.0
PSCO,3/9/2023 10 p.m. MST,4998.0
PSCO,3/9/2023 11 p.m. MST,4782.0
PSCO,3/10/2023 12 a.m. MST,4559.0
PSCO,3/10/2023 1 a.m. MST,4416.0
PSCO,3/10/2023 2 a.m. MST,4373.0
PSCO,3/10/2023 3 a.m. MST,4311.0
PSCO,3/10/2023 4 a.m. MST,4347.0
PSCO,3/10/2023 5 a.m. MST,4484.0
PSCO,3/10/2023 6 a.m. MST,4732.0
PSCO,3/10/2023 7 a.m. MST,5084.0
PSCO,3/10/2023 8 a.m. MST,5260.0
PSCO,3/10/2023 9 a.m. MST,5145.0
PSCO,3/10/2023 10 a.m. MST,4879.0
PSCO,3/10/2023 11 a.m. MST,4703.0
PSCO,3/10/2023 12 p.m. MST,4663.0
PSCO,3/10/2023 1 p.m. MST,4679.0
PSCO,3/10/2023 2 p.m. MST,4698.0
PSCO,3/10/2023 3 p.m. MST,4723.0
PSCO,3/10/2023 4 p.m. MST,4763.0
PSCO,3/10/2023 5 p.m. MST,4904.0
PSCO,3/10/2023 6 p.m. MST,5057.0
PSCO,3/10/2023 7 p.m. MST,5198.0
PSCO,3/10/2023 8 p.m. MST,5125.0
PSCO,3/10/2023 9 p.m. MST,5012.0
PSCO,3/10/2023 10 p.m. MST,4823.0
PSCO,3/10/2023 11 p.m. MST,4553.0
PSCO,3/11/2023 12 a.m. MST,4366.0
PSCO,3/11/2023 1 a.m. MST,4173.0
PSCO,3/11/2023 2 a.m. MST,4014.0
PSCO,3/11/2023 3 a.m. MST,3969.0
PSCO,3/11/2023 4 a.m. MST,4004.0
PSCO,3/11/2023 5 a.m. MST,4019.0
PSCO,3/11/2023 6 a.m. MST,4193.0
PSCO,3/11/2023 7 a.m. MST,4321.0
PSCO,3/11/2023 8 a.m. MST,4230.0
PSCO,3/11/2023 9 a.m. MST,4211.0
PSCO,3/11/2023 10 a.m. MST,4257.0
PSCO,3/11/2023 11 a.m. MST,4173.0
PSCO,3/11/2023 12 p.m. MST,4100.0
PSCO,3/11/2023 1 p.m. MST,4046.0
PSCO,3/11/2023 2 p.m. MST,3957.0
PSCO,3/11/2023 3 p.m. MST,4055.0
PSCO,3/11/2023 4 p.m. MST,4140.0
PSCO,3/11/2023 5 p.m. MST,4372.0
PSCO,3/11/2023 6 p.m. MST,4707.0
PSCO,3/11/2023 7 p.m. MST,4979.0
PSCO,3/11/2023 8 p.m. MST,4918.0
PSCO,3/11/2023 9 p.m. MST,4810.0
PSCO,3/11/2023 10 p.m. MST,4671.0
PSCO,3/11/2023 11 p.m. MST,4478.0
PSCO,3/12/2023 12 a.m. MST,4356.0
PSCO,3/12/2023 1 a.m. MST,4236.0
PSCO,3/12/2023 3 a.m. MDT,4160.0
PSCO,3/12/2023 4 a.m. MDT,4100.0
PSCO,3/12/2023 5 a.m. MDT,4156.0
PSCO,3/12/2023 6 a.m. MDT,4251.0
PSCO,3/12/2023 7 a.m. MDT,4397.0
PSCO,3/12/2023 8 a.m. MDT,4516.0
PSCO,3/12/2023 9 a.m. MDT,4527.0
PSCO,3/12/2023 10 a.m. MDT,4493.0
PSCO,3/12/2023 11 a.m. MDT,4416.0
PSCO,3/12/2023 12 p.m. MDT,4322.0
PSCO,3/12/2023 1 p.m. MDT,4239.0
PSCO,3/12/2023 2 p.m. MDT,4190.0
PSCO,3/12/2023 3 p.m. MDT,4230.0
PSCO,3/12/2023 4 p.m. MDT,4273.0
PSCO,3/12/2023 5 p.m. MDT,4446.0
PSCO,3/12/2023 6 p.m. MDT,4745.0
PSCO,3/12/2023 7 p.m. MDT,5020.0
PSCO,3/12/2023 8 p.m. MDT,5209.0
PSCO,3/12/2023 9 p.m. MDT,5134.0
PSCO,3/12/2023 10 p.m. MDT,4978.0
PSCO,3/12/2023 11 p.m. MDT,4711.0
PSCO,3/13/2023 12 a.m. MDT,4440.0
PSCO,3/13/2023 1 a.m. MDT,4292.0
PSCO,3/13/2023 2 a.m. MDT,4207.0
PSCO,3/13/2023 3 a.m. MDT,4202.0
PSCO,3/13/2023 4 a.m. MDT,4250.0
PSCO,3/13/2023 5 a.m. MDT,4387.0
PSCO,3/13/2023 6 a.m. MDT,4667.0
PSCO,3/13/2023 7 a.m. MDT,5076.0
PSCO,3/13/2023 8 a.m. MDT,5301.0
PSCO,3/13/2023 9 a.m. MDT,5196.0
PSCO,3/13/2023 10 a.m. MDT,4950.0
PSCO,3/13/2023 11 a.m. MDT,4724.0
PSCO,3/13/2023 12 p.m. MDT,4564.0
PSCO,3/13/2023 1 p.m. MDT,4433.0
PSCO,3/13/2023 2 p.m. MDT,4356.0
PSCO,3/13/2023 3 p.m. MDT,4300.0
PSCO,3/13/2023 4 p.m. MDT,4292.0
PSCO,3/13/2023 5 p.m. MDT,4443.0
PSCO,3/13/2023 6 p.m. MDT,4730.0
PSCO,3/13/2023 7 p.m. MDT,4984.0
PSCO,3/13/2023 8 p.m. MDT,5158.0
PSCO,3/13/2023 9 p.m. MDT,5082.0
PSCO,3/13/2023 10 p.m. MDT,4895.0
PSCO,3/13/2023 11 p.m. MDT,4607.0
PSCO,3/14/2023 12 a.m. MDT,4407.0
PSCO,3/14/2023 1 a.m. MDT,4222.0
PSCO,3/14/2023 2 a.m. MDT,4186.0
PSCO,3/14/2023 3 a.m. MDT,4141.0
PSCO,3/14/2023 4 a.m. MDT,4138.0
PSCO,3/14/2023 5 a.m. MDT,4305.0
PSCO,3/14/2023 6 a.m. MDT,4556.0
PSCO,3/14/2023 7 a.m. MDT,4939.0
PSCO,3/14/2023 8 a.m. MDT,5196.0
PSCO,3/14/2023 9 a.m. MDT,5003.0
PSCO,3/14/2023 10 a.m. MDT,4928.0
PSCO,3/14/2023 11 a.m. MDT,4703.0
PSCO,3/14/2023 12 p.m. MDT,4494.0
PSCO,3/14/2023 1 p.m. MDT,4371.0
PSCO,3/14/2023 2 p.m. MDT,4291.0
PSCO,3/14/2023 3 p.m. MDT,4219.0
PSCO,3/14/2023 4 p.m. MDT,4365.0
PSCO,3/14/2023 5 p.m. MDT,4554.0
PSCO,3/14/2023 6 p.m. MDT,4765.0
PSCO,3/14/2023 7 p.m. MDT,4895.0
PSCO,3/14/2023 8 p.m. MDT,5072.0
PSCO,3/14/2023 9 p.m. MDT,5013.0
PSCO,3/14/2023 10 p.m. MDT,4846.0
PSCO,3/14/2023 11 p.m. MDT,4529.0
PSCO,3/15/2023 12 a.m. MDT,4263.0
PSCO,3/15/2023 1 a.m. MDT,4089.0
PSCO,3/15/2023 2 a.m. MDT,3995.0
PSCO,3/15/2023 3 a.m. MDT,3896.0
PSCO,3/15/2023 4 a.m. MDT,3950.0
PSCO,3/15/2023 5 a.m. MDT,4026.0
PSCO,3/15/2023 6 a.m. MDT,4290.0
PSCO,3/15/2023 7 a.m. MDT,4685.0
PSCO,3/15/2023 8 a.m. MDT,4946.0
PSCO,3/15/2023 9 a.m. MDT,4821.0
PSCO,3/15/2023 10 a.m. MDT,4675.0
PSCO,3/15/2023 11 a.m. MDT,4514.0
PSCO,3/15/2023 12 p.m. MDT,4378.0
PSCO,3/15/2023 1 p.m. MDT,4414.0
PSCO,3/15/2023 2 p.m. MDT,4436.0
PSCO,3/15/2023 3 p.m. MDT,4622.0
PSCO,3/15/2023 4 p.m. MDT,4717.0
PSCO,3/15/2023 5 p.m. MDT,4763.0
PSCO,3/15/2023 6 p.m. MDT,4808.0
PSCO,3/15/2023 7 p.m. MDT,4999.0
PSCO,3/15/2023 8 p.m. MDT,5103.0
PSCO,3/15/2023 9 p.m. MDT,4954.0
PSCO,3/15/2023 10 p.m. MDT,4794.0
PSCO,3/15/2023 11 p.m. MDT,4499.0
PSCO,3/16/2023 12 a.m. MDT,4259.0
PSCO,3/16/2023 1 a.m. MDT,4144.0
PSCO,3/16/2023 2 a.m. MDT,4075.0
PSCO,3/16/2023 3 a.m. MDT,4083.0
PSCO,3/16/2023 4 a.m. MDT,4104.0
PSCO,3/16/2023 5 a.m. MDT,4238.0
PSCO,3/16/2023 6 a.m. MDT,4544.0
PSCO,3/16/2023 7 a.m. MDT,4971.0
PSCO,3/16/2023 8 a.m. MDT,5239.0
PSCO,3/16/2023 9 a.m. MDT,5394.0
PSCO,3/16/2023 10 a.m. MDT,5448.0
PSCO,3/16/2023 11 a.m. MDT,5420.0
PSCO,3/16/2023 12 p.m. MDT,5324.0
PSCO,3/16/2023 1 p.m. MDT,5222.0
PSCO,3/16/2023 2 p.m. MDT,5089.0
PSCO,3/16/2023 3 p.m. MDT,4978.0
PSCO,3/16/2023 4 p.m. MDT,5065.0
PSCO,3/16/2023 5 p.m. MDT,5108.0
PSCO,3/16/2023 6 p.m. MDT,5225.0
PSCO,3/16/2023 7 p.m. MDT,5331.0
PSCO,3/16/2023 8 p.m. MDT,5466.0
PSCO,3/16/2023 9 p.m. MDT,5427.0
PSCO,3/16/2023 10 p.m. MDT,5243.0
PSCO,3/16/2023 11 p.m. MDT,4912.0
PSCO,3/17/2023 12 a.m. MDT,4682.0
PSCO,3/17/2023 1 a.m. MDT,4505.0
PSCO,3/17/2023 2 a.m. MDT,4453.0
PSCO,3/17/2023 3 a.m. MDT,4403.0
PSCO,3/17/2023 4 a.m. MDT,4354.0
PSCO,3/17/2023 5 a.m. MDT,4489.0
PSCO,3/17/2023 6 a.m. MDT,4742.0
PSCO,3/17/2023 7 a.m. MDT,5034.0
PSCO,3/17/2023 8 a.m. MDT,5262.0
PSCO,3/17/2023 9 a.m. MDT,5314.0
PSCO,3/17/2023 10 a.m. MDT,5114.0
PSCO,3/17/2023 11 a.m. MDT,4872.0
PSCO,3/17/2023 12 p.m. MDT,4770.0
PSCO,3/17/2023 1 p.m. MDT,4603.0
PSCO,3/17/2023 2 p.m. MDT,4502.0
PSCO,3/17/2023 3 p.m. MDT,4388.0
PSCO,3/17/2023 4 p.m. MDT,4333.0
PSCO,3/17/2023 5 p.m. MDT,4389.0
PSCO,3/17/2023 6 p.m. MDT,4605.0
PSCO,3/17/2023 7 p.m. MDT,4919.0
PSCO,3/17/2023 8 p.m. MDT,5132.0
PSCO,3/17/2023 9 p.m. MDT,5173.0
PSCO,3/17/2023 10 p.m. MDT,5054.0
PSCO,3/17/2023 11 p.m. MDT,4918.0
PSCO,3/18/2023 12 a.m. MDT,4713.0
PSCO,3/18/2023 1 a.m. MDT,4529.0
PSCO,3/18/2023 2 a.m. MDT,4481.0
PSCO,3/18/2023 3 a.m. MDT,4453.0
PSCO,3/18/2023 4 a.m. MDT,4462.0
PSCO,3/18/2023 5 a.m. MDT,4544.0
PSCO,3/18/2023 6 a.m. MDT,4647.0
PSCO,3/18/2023 7 a.m. MDT,4828.0
PSCO,3/18/2023 8 a.m. MDT,4900.0
PSCO,3/18/2023 9 a.m. MDT,4890.0
PSCO,3/18/2023 10 a.m. MDT,4610.0
PSCO,3/18/2023 11 a.m. MDT,4434.0
PSCO,3/18/2023 12 p.m. MDT,4289.0
PSCO,3/18/2023 1 p.m. MDT,4136.0
PSCO,3/18/2023 2 p.m. MDT,4007.0
PSCO,3/18/2023 3 p.m. MDT,3936.0
PSCO,3/18/2023 4 p.m. MDT,3919.0
PSCO,3/18/2023 5 p.m. MDT,4031.0
PSCO,3/18/2023 6 p.m. MDT,4321.0
PSCO,3/18/2023 7 p.m. MDT,4677.0
PSCO,3/18/2023 8 p.m. MDT,5013.0
PSCO,3/18/2023 9 p.m. MDT,4997.0
PSCO,3/18/2023 10 p.m. MDT,4950.0
PSCO,3/18/2023 11 p.m. MDT,4775.0
PSCO,3/19/2023 12 a.m. MDT,4564.0
PSCO,3/19/2023 1 a.m. MDT,4445.0
PSCO,3/19/2023 2 a.m. MDT,4402.0
PSCO,3/19/2023 3 a.m. MDT,4365.0
PSCO,3/19/2023 4 a.m. MDT,4386.0
PSCO,3/19/2023 5 a.m. MDT,4462.0
PSCO,3/19/2023 6 a.m. MDT,4559.0
PSCO,3/19/2023 7 a.m. MDT,4757.0
PSCO,3/19/2023 8 a.m. MDT,4816.0
PSCO,3/19/2023 9 a.m. MDT,4649.0
PSCO,3/19/2023 10 a.m. MDT,4527.0
PSCO,3/19/2023 11 a.m. MDT,4461.0
PSCO,3/19/2023 12 p.m. MDT,4249.0
PSCO,3/19/2023 1 p.m. MDT,4123.0
PSCO,3/19/2023 2 p.m. MDT,4037.0
PSCO,3/19/2023 3 p.m. MDT,3994.0
PSCO,3/19/2023 4 p.m. MDT,4031.0
PSCO,3/19/2023 5 p.m. MDT,4222.0
PSCO,3/19/2023 6 p.m. MDT,4598.0
PSCO,3/19/2023 7 p.m. MDT,4797.0
PSCO,3/19/2023 8 p.m. MDT,5030.0
PSCO,3/19/2023 9 p.m. MDT,5002.0
PSCO,3/19/2023 10 p.m. MDT,4827.0
PSCO,3/19/2023 11 p.m. MDT,4539.0
PSCO,3/20/2023 12 a.m. MDT,4277.0
PSCO,3/20/2023 1 a.m. MDT,4140.0
PSCO,3/20/2023 2 a.m. MDT,4069.0
PSCO,3/20/2023 3 a.m. MDT,4026.0
PSCO,3/20/2023 4 a.m. MDT,4057.0
PSCO,3/20/2023 5 a.m. MDT,4192.0
PSCO,3/20/2023 6 a.m. MDT,4476.0
PSCO,3/20/2023 7 a.m. MDT,4866.0
PSCO,3/20/2023 8 a.m. MDT,5189.0
PSCO,3/20/2023 9 a.m. MDT,5253.0
PSCO,3/20/2023 10 a.m. MDT,5164.0
PSCO,3/20/2023 11 a.m. MDT,4912.0
PSCO,3/20/2023 12 p.m. MDT,4707.0
PSCO,3/20/2023 1 p.m. MDT,4582.0
PSCO,3/20/2023 2 p.m. MDT,4579.0
PSCO,3/20/2023 3 p.m. MDT,4574.0
PSCO,3/20/2023 4 p.m. MDT,4619.0
PSCO,3/20/2023 5 p.m. MDT,4653.0
PSCO,3/20/2023 6 p.m. MDT,4931.0
PSCO,3/20/2023 7 p.m. MDT,4993.0
PSCO,3/20/2023 8 p.m. MDT,5059.0
PSCO,3/20/2023 9 p.m. MDT,5034.0
PSCO,3/20/2023 10 p.m. MDT,4830.0
PSCO,3/20/2023 11 p.m. MDT,4522.0
PSCO,3/21/2023 12 a.m. MDT,4254.0
PSCO,3/21/2023 1 a.m. MDT,4133.0
PSCO,3/21/2023 2 a.m. MDT,4070.0
PSCO,3/21/2023 3 a.m. MDT,4079.0
PSCO,3/21/2023 4 a.m. MDT,4131.0
PSCO,3/21/2023 5 a.m. MDT,4241.0
PSCO,3/21/2023 6 a.m. MDT,4507.0
PSCO,3/21/2023 7 a.m. MDT,4915.0
PSCO,3/21/2023 8 a.m. MDT,5109.0
PSCO,3/21/2023 9 a.m. MDT,4929.0
PSCO,3/21/2023 10 a.m. MDT,4731.0
PSCO,3/21/2023 11 a.m. MDT,4531.0
PSCO,3/21/2023 12 p.m. MDT,4452.0
PSCO,3/21/2023 1 p.m. MDT,4392.0
PSCO,3/21/2023 2 p.m. MDT,4334.0
PSCO,3/21/2023 3 p.m. MDT,4309.0
PSCO,3/21/2023 4 p.m. MDT,4361.0
PSCO,3/21/2023 5 p.m. MDT,4407.0
PSCO,3/21/2023 6 p.m. MDT,4661.0
PSCO,3/21/2023 7 p.m. MDT,4791.0
PSCO,3/21/2023 8 p.m. MDT,4969.0
PSCO,3/21/2023 9 p.m. MDT,4946.0
PSCO,3/21/2023 10 p.m. MDT,4772.0
PSCO,3/21/2023 11 p.m. MDT,4458.0
PSCO,3/22/2023 12 a.m. MDT,4226.0
PSCO,3/22/2023 1 a.m. MDT,4075.0
PSCO,3/22/2023 2 a.m. MDT,4011.0
PSCO,3/22/2023 3 a.m. MDT,4003.0
PSCO,3/22/2023 4 a.m. MDT,4015.0
PSCO,3/22/2023 5 a.m. MDT,4158.0
PSCO,3/22/2023 6 a.m. MDT,4431.0
PSCO,3/22/2023 7 a.m. MDT,4820.0
PSCO,3/22/2023 8 a.m. MDT,5031.0
PSCO,3/22/2023 9 a.m. MDT,4957.0
PSCO,3/22/2023 10 a.m. MDT,4851.0
PSCO,3/22/2023 11 a.m. MDT,4682.0
PSCO,3/22/2023 12 p.m. MDT,4720.0
PSCO,3/22/2023 1 p.m. MDT,4794.0
PSCO,3/22/2023 2 p.m. MDT,4689.0
PSCO,3/22/2023 3 p.m. MDT,4662.0
PSCO,3/22/2023 4 p.m. MDT,4804.0
PSCO,3/22/2023 5 p.m. MDT,4883.0
PSCO,3/22/2023 6 p.m. MDT,4965.0
PSCO,3/22/2023 7 p.m. MDT,5083.0
PSCO,3/22/2023 8 p.m. MDT,5207.0
PSCO,3/22/2023 9 p.m. MDT,5167.0
PSCO,3/22/2023 10 p.m. MDT,4974.0
PSCO,3/22/2023 11 p.m. MDT,4691.0
PSCO,3/23/2023 12 a.m. MDT,4442.0
PSCO,3/23/2023 1 a.m. MDT,4304.0
PSCO,3/23/2023 2 a.m. MDT,4233.0
PSCO,3/23/2023 3 a.m. MDT,4170.0
PSCO,3/23/2023 4 a.m. MDT,4191.0
PSCO,3/23/2023 5 a.m. MDT,4308.0
PSCO,3/23/2023 6 a.m. MDT,4556.0
PSCO,3/23/2023 7 a.m. MDT,4960.0
PSCO,3/23/2023 8 a.m. MDT,5134.0
PSCO,3/23/2023 9 a.m. MDT,5060.0
PSCO,3/23/2023 10 a.m. MDT,4859.0
PSCO,3/23/2023 11 a.m. MDT,4589.0
PSCO,3/23/2023 12 p.m. MDT,4441.0
PSCO,3/23/2023 1 p.m. MDT,4365.0
PSCO,3/23/2023 2 p.m. MDT,4410.0
PSCO,3/23/2023 3 p.m. MDT,4558.0
PSCO,3/23/2023 4 p.m. MDT,4650.0
PSCO,3/23/2023 5 p.m. MDT,4662.0
PSCO,3/23/2023 6 p.m. MDT,4815.0
PSCO,3/23/2023 7 p.m. MDT,4985.0
PSCO,3/23/2023 8 p.m. MDT,5134.0
PSCO,3/23/2023 9 p.m. MDT,5139.0
PSCO,3/23/2023 10 p.m. MDT,4900.0
PSCO,3/23/2023 11 p.m. MDT,4632.0
PSCO,3/24/2023 12 a.m. MDT,4420.0
PSCO,3/24/2023 1 a.m. MDT,4253.0
PSCO,3/24/2023 2 a.m. MDT,4145.0
PSCO,3/24/2023 3 a.m. MDT,4180.0
PSCO,3/24/2023 4 a.m. MDT,4233.0
PSCO,3/24/2023 5 a.m. MDT,4360.0
PSCO,3/24/2023 6 a.m. MDT,4610.0
PSCO,3/24/2023 7 a.m. MDT,4969.0
PSCO,3/24/2023 8 a.m. MDT,5119.0
PSCO,3/24/2023 9 a.m. MDT,4982.0
PSCO,3/24/2023 10 a.m. MDT,4751.0
PSCO,3/24/2023 11 a.m. MDT,4578.0
PSCO,3/24/2023 12 p.m. MDT,4403.0
PSCO,3/24/2023 1 p.m. MDT,4316.0
PSCO,3/24/2023 2 p.m. MDT,4429.0
PSCO,3/24/2023 3 p.m. MDT,4510.0
PSCO,3/24/2023 4 p.m. MDT,4602.0
PSCO,3/24/2023 5 p.m. MDT,4705.0
PSCO,3/24/2023 6 p.m. MDT,4848.0
PSCO,3/24/2023 7 p.m. MDT,4879.0
PSCO,3/24/2023 8 p.m. MDT,4992.0
PSCO,3/24/2023 9 p.m. MDT,4982.0
PSCO,3/24/2023 10 p.m. MDT,4789.0
PSCO,3/24/2023 11 p.m. MDT,4609.0
PSCO,3/25/2023 12 a.m. MDT,4427.0
PSCO,3/25/2023 1 a.m. MDT,4294.0
PSCO,3/25/2023 2 a.m. MDT,4256.0
PSCO,3/25/2023 3 a.m. MDT,4195.0
PSCO,3/25/2023 4 a.m. MDT,4194.0
PSCO,3/25/2023 5 a.m. MDT,4294.0
PSCO,3/25/2023 6 a.m. MDT,4399.0
PSCO,3/25/2023 7 a.m. MDT,4626.0
PSCO,3/25/2023 8 a.m. MDT,4869.0
PSCO,3/25/2023 9 a.m. MDT,4864.0
PSCO,3/25/2023 10 a.m. MDT,4832.0
PSCO,3/25/2023 11 a.m. MDT,4702.0
PSCO,3/25/2023 12 p.m. MDT,4574.0
PSCO,3/25/2023 1 p.m. MDT,4441.0
PSCO,3/25/2023 2 p.m. MDT,4400.0
PSCO,3/25/2023 3 p.m. MDT,4373.0
PSCO,3/25/2023 4 p.m. MDT,4333.0
PSCO,3/25/2023 5 p.m. MDT,4446.0
PSCO,3/25/2023 6 p.m. MDT,4661.0
PSCO,3/25/2023 7 p.m. MDT,4886.0
PSCO,3/25/2023 8 p.m. MDT,5109.0
PSCO,3/25/2023 9 p.m. MDT,5178.0
PSCO,3/25/2023 10 p.m. MDT,5078.0
PSCO,3/25/2023 11 p.m. MDT,4884.0
PSCO,3/26/2023 12 a.m. MDT,4651.0
PSCO,3/26/2023 1 a.m. MDT,4509.0
PSCO,3/26/2023 2 a.m. MDT,4445.0
PSCO,3/26/2023 3 a.m. MDT,4399.0
PSCO,3/26/2023 4 a.m. MDT,4404.0
PSCO,3/26/2023 5 a.m. MDT,4491.0
PSCO,3/26/2023 6 a.m. MDT,4602.0
PSCO,3/26/2023 7 a.m. MDT,4741.0
PSCO,3/26/2023 8 a.m. MDT,4792.0
PSCO,3/26/2023 9 a.m. MDT,4720.0
PSCO,3/26/2023 10 a.m. MDT,4590.0
PSCO,3/26/2023 11 a.m. MDT,4512.0
PSCO,3/26/2023 12 p.m. MDT,4348.0
PSCO,3/26/2023 1 p.m. MDT,4276.0
PSCO,3/26/2023 2 p.m. MDT,4272.0
PSCO,3/26/2023 3 p.m. MDT,4312.0
PSCO,3/26/2023 4 p.m. MDT,4428.0
PSCO,3/26/2023 5 p.m. MDT,4612.0
PSCO,3/26/2023 6 p.m. MDT,4934.0
PSCO,3/26/2023 7 p.m. MDT,5137.0
PSCO,3/26/2023 8 p.m. MDT,5247.0
PSCO,3/26/2023 9 p.m. MDT,5251.0
PSCO,3/26/2023 10 p.m. MDT,5098.0
PSCO,3/26/2023 11 p.m. MDT,4826.0
PSCO,3/27/2023 12 a.m. MDT,4584.0
PSCO,3/27/2023 1 a.m. MDT,4411.0
PSCO,3/27/2023 2 a.m. MDT,4377.0
PSCO,3/27/2023 3 a.m. MDT,4351.0
PSCO,3/27/2023 4 a.m. MDT,4383.0
PSCO,3/27/2023 5 a.m. MDT,4514.0
PSCO,3/27/2023 6 a.m. MDT,4799.0
PSCO,3/27/2023 7 a.m. MDT,5152.0
PSCO,3/27/2023 8 a.m. MDT,5421.0
PSCO,3/27/2023 9 a.m. MDT,5507.0
PSCO,3/27/2023 10 a.m. MDT,5514.0
PSCO,3/27/2023 11 a.m. MDT,5467.0
PSCO,3/27/2023 12 p.m. MDT,5379.0
PSCO,3/27/2023 1 p.m. MDT,5289.0
PSCO,3/27/2023 2 p.m. MDT,5190.0
PSCO,3/27/2023 3 p.m. MDT,5067.0
PSCO,3/27/2023 4 p.m. MDT,5056.0
PSCO,3/27/2023 5 p.m. MDT,5261.0
PSCO,3/27/2023 6 p.m. MDT,5311.0
PSCO,3/27/2023 7 p.m. MDT,5330.0
PSCO,3/27/2023 8 p.m. MDT,5588.0
PSCO,3/27/2023 9 p.m. MDT,5571.0
PSCO,3/27/2023 10 p.m. MDT,5354.0
PSCO,3/27/2023 11 p.m. MDT,5065.0
PSCO,3/28/2023 12 a.m. MDT,4835.0
PSCO,3/28/2023 1 a.m. MDT,4685.0
PSCO,3/28/2023 2 a.m. MDT,4634.0
PSCO,3/28/2023 3 a.m. MDT,4650.0
PSCO,3/28/2023 4 a.m. MDT,4687.0
PSCO,3/28/2023 5 a.m. MDT,4826.0
PSCO,3/28/2023 6 a.m. MDT,5100.0
PSCO,3/28/2023 7 a.m. MDT,5487.0
PSCO,3/28/2023 8 a.m. MDT,5611.0
PSCO,3/28/2023 9 a.m. MDT,5449.0
PSCO,3/28/2023 10 a.m. MDT,5239.0
PSCO,3/28/2023 11 a.m. MDT,5016.0
PSCO,3/28/2023 12 p.m. MDT,4836.0
PSCO,3/28/2023 1 p.m. MDT,4622.0
PSCO,3/28/2023 2 p.m. MDT,4524.0
PSCO,3/28/2023 3 p.m. MDT,4405.0
PSCO,3/28/2023 4 p.m. MDT,4414.0
PSCO,3/28/2023 5 p.m. MDT,4556.0
PSCO,3/28/2023 6 p.m. MDT,4727.0
PSCO,3/28/2023 7 p.m. MDT,4950.0
PSCO,3/28/2023 8 p.m. MDT,5221.0
PSCO,3/28/2023 9 p.m. MDT,5261.0
PSCO,3/28/2023 10 p.m. MDT,5068.0
PSCO,3/28/2023 11 p.m. MDT,4781.0
PSCO,3/29/2023 12 a.m. MDT,4550.0
PSCO,3/29/2023 1 a.m. MDT,4398.0
PSCO,3/29/2023 2 a.m. MDT,4323.0
PSCO,3/29/2023 3 a.m. MDT,4290.0
PSCO,3/29/2023 4 a.m. MDT,4355.0
PSCO,3/29/2023 5 a.m. MDT,4423.0
PSCO,3/29/2023 6 a.m. MDT,4705.0
PSCO,3/29/2023 7 a.m. MDT,5114.0
PSCO,3/29/2023 8 a.m. MDT,5228.0
PSCO,3/29/2023 9 a.m. MDT,5077.0
PSCO,3/29/2023 10 a.m. MDT,4863.0
PSCO,3/29/2023 11 a.m. MDT,4622.0
PSCO,3/29/2023 12 p.m. MDT,4511.0
PSCO,3/29/2023 1 p.m. MDT,4399.0
PSCO,3/29/2023 2 p.m. MDT,4326.0
PSCO,3/29/2023 3 p.m. MDT,4359.0
PSCO,3/29/2023 4 p.m. MDT,4489.0
PSCO,3/29/2023 5 p.m. MDT,4610.0
PSCO,3/29/2023 6 p.m. MDT,4808.0
PSCO,3/29/2023 7 p.m. MDT,4948.0
PSCO,3/29/2023 8 p.m. MDT,5125.0
PSCO,3/29/2023 9 p.m. MDT,5148.0
PSCO,3/29/2023 10 p.m. MDT,4983.0
PSCO,3/29/2023 11 p.m. MDT,4692.0
PSCO,3/30/2023 12 a.m. MDT,4460.0
PSCO,3/30/2023 1 a.m. MDT,4293.0
PSCO,3/30/2023 2 a.m. MDT,4242.0
PSCO,3/30/2023 3 a.m. MDT,4217.0
PSCO,3/30/2023 4 a.m. MDT,4243.0
PSCO,3/30/2023 5 a.m. MDT,4363.0
PSCO,3/30/2023 6 a.m. MDT,4577.0
PSCO,3/30/2023 7 a.m. MDT,4997.0
PSCO,3/30/2023 8 a.m. MDT,5162.0
PSCO,3/30/2023 9 a.m. MDT,5026.0
PSCO,3/30/2023 10 a.m. MDT,4810.0
PSCO,3/30/2023 11 a.m. MDT,4605.0
PSCO,3/30/2023 12 p.m. MDT,4424.0
PSCO,3/30/2023 1 p.m. MDT,4332.0
PSCO,3/30/2023 2 p.m. MDT,4303.0
PSCO,3/30/2023 3 p.m. MDT,4266.0
PSCO,3/30/2023 4 p.m. MDT,4382.0
PSCO,3/30/2023 5 p.m. MDT,4499.0
PSCO,3/30/2023 6 p.m. MDT,4698.0
PSCO,3/30/2023 7 p.m. MDT,4856.0
PSCO,3/30/2023 8 p.m. MDT,5018.0
PSCO,3/30/2023 9 p.m. MDT,4992.0
PSCO,3/30/2023 10 p.m. MDT,4841.0
PSCO,3/30/2023 11 p.m. MDT,4553.0
PSCO,3/31/2023 12 a.m. MDT,4340.0
PSCO,3/31/2023 1 a.m. MDT,4177.0
PSCO,3/31/2023 2 a.m. MDT,4117.0
PSCO,3/31/2023 3 a.m. MDT,4078.0
PSCO,3/31/2023 4 a.m. MDT,4131.0
PSCO,3/31/2023 5 a.m. MDT,4242.0
PSCO,3/31/2023 6 a.m. MDT,4574.0
PSCO,3/31/2023 7 a.m. MDT,4953.0
PSCO,3/31/2023 8 a.m. MDT,5107.0
PSCO,3/31/2023 9 a.m. MDT,4929.0
PSCO,3/31/2023 10 a.m. MDT,4848.0
PSCO,3/31/2023 11 a.m. MDT,4803.0
PSCO,3/31/2023 12 p.m. MDT,4807.0
PSCO,3/31/2023 1 p.m. MDT,4596.0
PSCO,3/31/2023 2 p.m. MDT,4588.0
PSCO,3/31/2023 3 p.m. MDT,4558.0
PSCO,3/31/2023 4 p.m. MDT,4461.0
PSCO,3/31/2023 5 p.m. MDT,4596.0
PSCO,3/31/2023 6 p.m. MDT,4763.0
PSCO,3/31/2023 7 p.m. MDT,4820.0
PSCO,3/31/2023 8 p.m. MDT,5032.0
PSCO,3/31/2023 9 p.m. MDT,5070.0
PSCO,3/31/2023 10 p.m. MDT,4907.0
PSCO,3/31/2023 11 p.m. MDT,4657.0
PSCO,4/1/2023 12 a.m. MDT,4404.0
PSCO,4/1/2023 12 a.m. MDT,4404.0
PSCO,4/1/2023 1 a.m. MDT,4264.0
PSCO,4/1/2023 2 a.m. MDT,4200.0
PSCO,4/1/2023 3 a.m. MDT,4139.0
PSCO,4/1/2023 4 a.m. MDT,4132.0
PSCO,4/1/2023 5 a.m. MDT,4184.0
PSCO,4/1/2023 6 a.m. MDT,4322.0
PSCO,4/1/2023 7 a.m. MDT,4442.0
PSCO,4/1/2023 8 a.m. MDT,4502.0
PSCO,4/1/2023 9 a.m. MDT,4390.0
PSCO,4/1/2023 10 a.m. MDT,4260.0
PSCO,4/1/2023 11 a.m. MDT,4083.0
PSCO,4/1/2023 12 p.m. MDT,3931.0
PSCO,4/1/2023 1 p.m. MDT,3837.0
PSCO,4/1/2023 2 p.m. MDT,3771.0
PSCO,4/1/2023 3 p.m. MDT,3743.0
PSCO,4/1/2023 4 p.m. MDT,3820.0
PSCO,4/1/2023 5 p.m. MDT,3970.0
PSCO,4/1/2023 6 p.m. MDT,4223.0
PSCO,4/1/2023 7 p.m. MDT,4465.0
PSCO,4/1/2023 8 p.m. MDT,4626.0
PSCO,4/1/2023 9 p.m. MDT,4661.0
PSCO,4/1/2023 10 p.m. MDT,4471.0
PSCO,4/1/2023 11 p.m. MDT,4277.0
PSCO,4/2/2023 12 a.m. MDT,4130.0
PSCO,4/2/2023 1 a.m. MDT,3980.0
PSCO,4/2/2023 2 a.m. MDT,3890.0
PSCO,4/2/2023 3 a.m. MDT,3854.0
PSCO,4/2/2023 4 a.m. MDT,3798.0
PSCO,4/2/2023 5 a.m. MDT,3879.0
PSCO,4/2/2023 6 a.m. MDT,3962.0
PSCO,4/2/2023 7 a.m. MDT,4052.0
PSCO,4/2/2023 8 a.m. MDT,4071.0
PSCO,4/2/2023 9 a.m. MDT,3976.0
PSCO,4/2/2023 10 a.m. MDT,3898.0
PSCO,4/2/2023 11 a.m. MDT,3785.0
PSCO,4/2/2023 12 p.m. MDT,3745.0
PSCO,4/2/2023 1 p.m. MDT,3719.0
PSCO,4/2/2023 2 p.m. MDT,3693.0
PSCO,4/2/2023 3 p.m. MDT,3718.0
PSCO,4/2/2023 4 p.m. MDT,3821.0
PSCO,4/2/2023 5 p.m. MDT,4043.0
PSCO,4/2/2023 6 p.m. MDT,4311.0
PSCO,4/2/2023 7 p.m. MDT,4559.0
PSCO,4/2/2023 8 p.m. MDT,4722.0
PSCO,4/2/2023 9 p.m. MDT,4740.0
PSCO,4/2/2023 10 p.m. MDT,4493.0
PSCO,4/2/2023 11 p.m. MDT,4185.0
PSCO,4/3/2023 12 a.m. MDT,3943.0
PSCO,4/3/2023 1 a.m. MDT,3829.0
PSCO,4/3/2023 2 a.m. MDT,3768.0
PSCO,4/3/2023 3 a.m. MDT,3709.0
PSCO,4/3/2023 4 a.m. MDT,3697.0
PSCO,4/3/2023 5 a.m. MDT,3883.0
PSCO,4/3/2023 6 a.m. MDT,4207.0
PSCO,4/3/2023 7 a.m. MDT,4583.0
PSCO,4/3/2023 8 a.m. MDT,4720.0
PSCO,4/3/2023 9 a.m. MDT,4654.0
PSCO,4/3/2023 10 a.m. MDT,4481.0
PSCO,4/3/2023 11 a.m. MDT,4386.0
PSCO,4/3/2023 12 p.m. MDT,4304.0
PSCO,4/3/2023 1 p.m. MDT,4275.0
PSCO,4/3/2023 2 p.m. MDT,4208.0
PSCO,4/3/2023 3 p.m. MDT,4214.0
PSCO,4/3/2023 4 p.m. MDT,4302.0
PSCO,4/3/2023 5 p.m. MDT,4377.0
PSCO,4/3/2023 6 p.m. MDT,4597.0
PSCO,4/3/2023 7 p.m. MDT,4745.0
PSCO,4/3/2023 8 p.m. MDT,4946.0
PSCO,4/3/2023 9 p.m. MDT,4920.0
PSCO,4/3/2023 10 p.m. MDT,4728.0
PSCO,4/3/2023 11 p.m. MDT,4440.0
PSCO,4/4/2023 12 a.m. MDT,4206.0
PSCO,4/4/2023 1 a.m. MDT,4064.0
PSCO,4/4/2023 2 a.m. MDT,4026.0
PSCO,4/4/2023 3 a.m. MDT,4018.0
PSCO,4/4/2023 4 a.m. MDT,4086.0
PSCO,4/4/2023 5 a.m. MDT,4197.0
PSCO,4/4/2023 6 a.m. MDT,4444.0
PSCO,4/4/2023 7 a.m. MDT,4910.0
PSCO,4/4/2023 8 a.m. MDT,5202.0
PSCO,4/4/2023 9 a.m. MDT,5318.0
PSCO,4/4/2023 10 a.m. MDT,5374.0
PSCO,4/4/2023 11 a.m. MDT,5359.0
PSCO,4/4/2023 12 p.m. MDT,5259.0
PSCO,4/4/2023 1 p.m. MDT,5195.0
PSCO,4/4/2023 2 p.m. MDT,5142.0
PSCO,4/4/2023 3 p.m. MDT,5170.0
PSCO,4/4/2023 4 p.m. MDT,5225.0
PSCO,4/4/2023 5 p.m. MDT,5293.0
PSCO,4/4/2023 6 p.m. MDT,5430.0
PSCO,4/4/2023 7 p.m. MDT,5471.0
PSCO,4/4/2023 8 p.m. MDT,5569.0
PSCO,4/4/2023 9 p.m. MDT,5556.0
PSCO,4/4/2023 10 p.m. MDT,5360.0
PSCO,4/4/2023 11 p.m. MDT,5025.0
PSCO,4/5/2023 12 a.m. MDT,4802.0
PSCO,4/5/2023 1 a.m. MDT,4637.0
PSCO,4/5/2023 2 a.m. MDT,4578.0
PSCO,4/5/2023 3 a.m. MDT,4551.0
PSCO,4/5/2023 4 a.m. MDT,4596.0
PSCO,4/5/2023 5 a.m. MDT,4757.0
PSCO,4/5/2023 6 a.m. MDT,4999.0
PSCO,4/5/2023 7 a.m. MDT,5379.0
PSCO,4/5/2023 8 a.m. MDT,5529.0
PSCO,4/5/2023 9 a.m. MDT,5402.0
PSCO,4/5/2023 10 a.m. MDT,5239.0
PSCO,4/5/2023 11 a.m. MDT,5017.0
PSCO,4/5/2023 12 p.m. MDT,4844.0
PSCO,4/5/2023 1 p.m. MDT,4700.0
PSCO,4/5/2023 2 p.m. MDT,4635.0
PSCO,4/5/2023 3 p.m. MDT,4656.0
PSCO,4/5/2023 4 p.m. MDT,4734.0
PSCO,4/5/2023 5 p.m. MDT,4895.0
PSCO,4/5/2023 6 p.m. MDT,5137.0
PSCO,4/5/2023 7 p.m. MDT,5241.0
PSCO,4/5/2023 8 p.m. MDT,5393.0
PSCO,4/5/2023 9 p.m. MDT,5397.0
PSCO,4/5/2023 10 p.m. MDT,5184.0
PSCO,4/5/2023 11 p.m. MDT,4876.0
PSCO,4/6/2023 12 a.m. MDT,4613.0
PSCO,4/6/2023 1 a.m. MDT,4467.0
PSCO,4/6/2023 2 a.m. MDT,4393.0
PSCO,4/6/2023 3 a.m. MDT,4401.0
PSCO,4/6/2023 4 a.m. MDT,4407.0
PSCO,4/6/2023 5 a.m. MDT,4559.0
PSCO,4/6/2023 6 a.m. MDT,4828.0
PSCO,4/6/2023 7 a.m. MDT,5222.0
PSCO,4/6/2023 8 a.m. MDT,5363.0
PSCO,4/6/2023 9 a.m. MDT,5107.0
PSCO,4/6/2023 10 a.m. MDT,4858.0
PSCO,4/6/2023 11 a.m. MDT,4660.0
PSCO,4/6/2023 12 p.m. MDT,4466.0
PSCO,4/6/2023 1 p.m. MDT,4347.0
PSCO,4/6/2023 2 p.m. MDT,4248.0
PSCO,4/6/2023 3 p.m. MDT,4252.0
PSCO,4/6/2023 4 p.m. MDT,4191.0
PSCO,4/6/2023 5 p.m. MDT,4283.0
PSCO,4/6/2023 6 p.m. MDT,4433.0
PSCO,4/6/2023 7 p.m. MDT,4658.0
PSCO,4/6/2023 8 p.m. MDT,4937.0
PSCO,4/6/2023 9 p.m. MDT,5018.0
PSCO,4/6/2023 10 p.m. MDT,4841.0
PSCO,4/6/2023 11 p.m. MDT,4635.0
PSCO,4/7/2023 12 a.m. MDT,4416.0
PSCO,4/7/2023 1 a.m. MDT,4290.0
PSCO,4/7/2023 2 a.m. MDT,4176.0
PSCO,4/7/2023 3 a.m. MDT,4171.0
PSCO,4/7/2023 4 a.m. MDT,4219.0
PSCO,4/7/2023 5 a.m. MDT,4355.0
PSCO,4/7/2023 6 a.m. MDT,4565.0
PSCO,4/7/2023 7 a.m. MDT,4917.0
PSCO,4/7/2023 8 a.m. MDT,5037.0
PSCO,4/7/2023 9 a.m. MDT,4873.0
PSCO,4/7/2023 10 a.m. MDT,4565.0
PSCO,4/7/2023 11 a.m. MDT,4424.0
PSCO,4/7/2023 12 p.m. MDT,4261.0
PSCO,4/7/2023 1 p.m. MDT,4146.0
PSCO,4/7/2023 2 p.m. MDT,4117.0
PSCO,4/7/2023 3 p.m. MDT,4132.0
PSCO,4/7/2023 4 p.m. MDT,4179.0
PSCO,4/7/2023 5 p.m. MDT,4290.0
PSCO,4/7/2023 6 p.m. MDT,4391.0
PSCO,4/7/2023 7 p.m. MDT,4504.0
PSCO,4/7/2023 8 p.m. MDT,4636.0
PSCO,4/7/2023 9 p.m. MDT,4673.0
PSCO,4/7/2023 10 p.m. MDT,4520.0
PSCO,4/7/2023 11 p.m. MDT,4312.0
PSCO,4/8/2023 12 a.m. MDT,4089.0
PSCO,4/8/2023 1 a.m. MDT,3924.0
PSCO,4/8/2023 2 a.m. MDT,3829.0
PSCO,4/8/2023 3 a.m. MDT,3844.0
PSCO,4/8/2023 4 a.m. MDT,3874.0
PSCO,4/8/2023 5 a.m. MDT,3908.0
PSCO,4/8/2023 6 a.m. MDT,4041.0
PSCO,4/8/2023 7 a.m. MDT,4188.0
PSCO,4/8/2023 8 a.m. MDT,4246.0
PSCO,4/8/2023 9 a.m. MDT,4264.0
PSCO,4/8/2023 10 a.m. MDT,4239.0
PSCO,4/8/2023 11 a.m. MDT,4238.0
PSCO,4/8/2023 12 p.m. MDT,4261.0
PSCO,4/8/2023 1 p.m. MDT,4107.0
PSCO,4/8/2023 2 p.m. MDT,4150.0
PSCO,4/8/2023 3 p.m. MDT,4197.0
PSCO,4/8/2023 4 p.m. MDT,4372.0
PSCO,4/8/2023 5 p.m. MDT,4403.0
PSCO,4/8/2023 6 p.m. MDT,4539.0
PSCO,4/8/2023 7 p.m. MDT,4628.0
PSCO,4/8/2023 8 p.m. MDT,4589.0
PSCO,4/8/2023 9 p.m. MDT,4575.0
PSCO,4/8/2023 10 p.m. MDT,4451.0
PSCO,4/8/2023 11 p.m. MDT,4227.0
PSCO,4/9/2023 12 a.m. MDT,3974.0
PSCO,4/9/2023 1 a.m. MDT,3896.0
PSCO,4/9/2023 2 a.m. MDT,3802.0
PSCO,4/9/2023 3 a.m. MDT,3755.0
PSCO,4/9/2023 4 a.m. MDT,3756.0
PSCO,4/9/2023 5 a.m. MDT,3809.0
PSCO,4/9/2023 6 a.m. MDT,3877.0
PSCO,4/9/2023 7 a.m. MDT,3989.0
PSCO,4/9/2023 8 a.m. MDT,3992.0
PSCO,4/9/2023 9 a.m. MDT,3935.0
PSCO,4/9/2023 10 a.m. MDT,3900.0
PSCO,4/9/2023 11 a.m. MDT,3811.0
PSCO,4/9/2023 12 p.m. MDT,3753.0
PSCO,4/9/2023 1 p.m. MDT,3719.0
PSCO,4/9/2023 2 p.m. MDT,3666.0
PSCO,4/9/2023 3 p.m. MDT,3587.0
PSCO,4/9/2023 4 p.m. MDT,3706.0
PSCO,4/9/2023 5 p.m. MDT,3832.0
PSCO,4/9/2023 6 p.m. MDT,4029.0
PSCO,4/9/2023 7 p.m. MDT,4293.0
PSCO,4/9/2023 8 p.m. MDT,4523.0
PSCO,4/9/2023 9 p.m. MDT,4578.0
PSCO,4/9/2023 10 p.m. MDT,4377.0
PSCO,4/9/2023 11 p.m. MDT,4146.0
PSCO,4/10/2023 12 a.m. MDT,3880.0
PSCO,4/10/2023 1 a.m. MDT,3722.0
PSCO,4/10/2023 2 a.m. MDT,3648.0
PSCO,4/10/2023 3 a.m. MDT,3651.0
PSCO,4/10/2023 4 a.m. MDT,3682.0
PSCO,4/10/2023 5 a.m. MDT,3804.0
PSCO,4/10/2023 6 a.m. MDT,4075.0
PSCO,4/10/2023 7 a.m. MDT,4461.0
PSCO,4/10/2023 8 a.m. MDT,4541.0
PSCO,4/10/2023 9 a.m. MDT,4426.0
PSCO,4/10/2023 10 a.m. MDT,4326.0
PSCO,4/10/2023 11 a.m. MDT,4244.0
PSCO,4/10/2023 12 p.m. MDT,4206.0
PSCO,4/10/2023 1 p.m. MDT,4188.0
PSCO,4/10/2023 2 p.m. MDT,4188.0
PSCO,4/10/2023 3 p.m. MDT,4175.0
PSCO,4/10/2023 4 p.m. MDT,4261.0
PSCO,4/10/2023 5 p.m. MDT,4421.0
PSCO,4/10/2023 6 p.m. MDT,4615.0
PSCO,4/10/2023 7 p.m. MDT,4782.0
PSCO,4/10/2023 8 p.m. MDT,4922.0
PSCO,4/10/2023 9 p.m. MDT,4930.0
PSCO,4/10/2023 10 p.m. MDT,4620.0
PSCO,4/10/2023 11 p.m. MDT,4276.0
PSCO,4/11/2023 12 a.m. MDT,4000.0
PSCO,4/11/2023 1 a.m. MDT,3771.0
PSCO,4/11/2023 2 a.m. MDT,3679.0
PSCO,4/11/2023 3 a.m. MDT,3661.0
PSCO,4/11/2023 4 a.m. MDT,3678.0
PSCO,4/11/2023 5 a.m. MDT,3775.0
PSCO,4/11/2023 6 a.m. MDT,4047.0
PSCO,4/11/2023 7 a.m. MDT,4440.0
PSCO,4/11/2023 8 a.m. MDT,4532.0
PSCO,4/11/2023 9 a.m. MDT,4400.0
PSCO,4/11/2023 10 a.m. MDT,4482.0
PSCO,4/11/2023 11 a.m. MDT,4519.0
PSCO,4/11/2023 12 p.m. MDT,4529.0
PSCO,4/11/2023 1 p.m. MDT,4600.0
PSCO,4/11/2023 2 p.m. MDT,4647.0
PSCO,4/11/2023 3 p.m. MDT,4756.0
PSCO,4/11/2023 4 p.m. MDT,4841.0
PSCO,4/11/2023 5 p.m. MDT,4943.0
PSCO,4/11/2023 6 p.m. MDT,5102.0
PSCO,4/11/2023 7 p.m. MDT,5334.0
PSCO,4/11/2023 8 p.m. MDT,5309.0
PSCO,4/11/2023 9 p.m. MDT,5217.0
PSCO,4/11/2023 10 p.m. MDT,4878.0
PSCO,4/11/2023 11 p.m. MDT,4546.0
PSCO,4/12/2023 12 a.m. MDT,4191.0
PSCO,4/12/2023 1 a.m. MDT,3954.0
PSCO,4/12/2023 2 a.m. MDT,3790.0
PSCO,4/12/2023 3 a.m. MDT,3717.0
PSCO,4/12/2023 4 a.m. MDT,3694.0
PSCO,4/12/2023 5 a.m. MDT,3785.0
PSCO,4/12/2023 6 a.m. MDT,3988.0
PSCO,4/12/2023 7 a.m. MDT,4322.0
PSCO,4/12/2023 8 a.m. MDT,4382.0
PSCO,4/12/2023 9 a.m. MDT,4356.0
PSCO,4/12/2023 10 a.m. MDT,4385.0
PSCO,4/12/2023 11 a.m. MDT,4396.0
PSCO,4/12/2023 12 p.m. MDT,4531.0
PSCO,4/12/2023 1 p.m. MDT,4689.0
PSCO,4/12/2023 2 p.m. MDT,4850.0
PSCO,4/12/2023 3 p.m. MDT,4943.0
PSCO,4/12/2023 4 p.m. MDT,5061.0
PSCO,4/12/2023 5 p.m. MDT,5193.0
PSCO,4/12/2023 6 p.m. MDT,5308.0
PSCO,4/12/2023 7 p.m. MDT,5336.0
PSCO,4/12/2023 8 p.m. MDT,5321.0
PSCO,4/12/2023 9 p.m. MDT,5212.0
PSCO,4/12/2023 10 p.m. MDT,4951.0
PSCO,4/12/2023 11 p.m. MDT,4580.0
PSCO,4/13/2023 12 a.m. MDT,4261.0
PSCO,4/13/2023 1 a.m. MDT,4018.0
PSCO,4/13/2023 2 a.m. MDT,3839.0
PSCO,4/13/2023 3 a.m. MDT,3799.0
PSCO,4/13/2023 4 a.m. MDT,3740.0
PSCO,4/13/2023 5 a.m. MDT,3830.0
PSCO,4/13/2023 6 a.m. MDT,3969.0
PSCO,4/13/2023 7 a.m. MDT,4315.0
PSCO,4/13/2023 8 a.m. MDT,4530.0
PSCO,4/13/2023 9 a.m. MDT,4609.0
PSCO,4/13/2023 10 a.m. MDT,4672.0
PSCO,4/13/2023 11 a.m. MDT,4558.0
PSCO,4/13/2023 12 p.m. MDT,4477.0
PSCO,4/13/2023 1 p.m. MDT,4613.0
PSCO,4/13/2023 2 p.m. MDT,4679.0
PSCO,4/13/2023 3 p.m. MDT,4688.0
PSCO,4/13/2023 4 p.m. MDT,4806.0
PSCO,4/13/2023 5 p.m. MDT,4926.0
PSCO,4/13/2023 6 p.m. MDT,4978.0
PSCO,4/13/2023 7 p.m. MDT,4921.0
PSCO,4/13/2023 8 p.m. MDT,4954.0
PSCO,4/13/2023 9 p.m. MDT,4958.0
PSCO,4/13/2023 10 p.m. MDT,4730.0
PSCO,4/13/2023 11 p.m. MDT,4401.0
PSCO,4/14/2023 12 a.m. MDT,4088.0
PSCO,4/14/2023 1 a.m. MDT,3915.0
PSCO,4/14/2023 2 a.m. MDT,3757.0
PSCO,4/14/2023 3 a.m. MDT,3692.0
PSCO,4/14/2023 4 a.m. MDT,3683.0
PSCO,4/14/2023 5 a.m. MDT,3746.0
PSCO,4/14/2023 6 a.m. MDT,3935.0
PSCO,4/14/2023 7 a.m. MDT,4318.0
PSCO,4/14/2023 8 a.m. MDT,4634.0
PSCO,4/14/2023 9 a.m. MDT,4792.0
PSCO,4/14/2023 10 a.m. MDT,4871.0
PSCO,4/14/2023 11 a.m. MDT,4944.0
PSCO,4/14/2023 12 p.m. MDT,4979.0
PSCO,4/14/2023 1 p.m. MDT,4929.0
PSCO,4/14/2023 2 p.m. MDT,4953.0
PSCO,4/14/2023 3 p.m. MDT,4917.0
PSCO,4/14/2023 4 p.m. MDT,4899.0
PSCO,4/14/2023 5 p.m. MDT,4963.0
PSCO,4/14/2023 6 p.m. MDT,4955.0
PSCO,4/14/2023 7 p.m. MDT,4965.0
PSCO,4/14/2023 8 p.m. MDT,5025.0
PSCO,4/14/2023 9 p.m. MDT,4981.0
PSCO,4/14/2023 10 p.m. MDT,4822.0
PSCO,4/14/2023 11 p.m. MDT,4572.0
PSCO,4/15/2023 12 a.m. MDT,4325.0
PSCO,4/15/2023 1 a.m. MDT,4180.0
PSCO,4/15/2023 2 a.m. MDT,4036.0
PSCO,4/15/2023 3 a.m. MDT,4007.0
PSCO,4/15/2023 4 a.m. MDT,3993.0
PSCO,4/15/2023 5 a.m. MDT,4015.0
PSCO,4/15/2023 6 a.m. MDT,4115.0
PSCO,4/15/2023 7 a.m. MDT,4295.0
PSCO,4/15/2023 8 a.m. MDT,4345.0
PSCO,4/15/2023 9 a.m. MDT,4245.0
PSCO,4/15/2023 10 a.m. MDT,4154.0
PSCO,4/15/2023 11 a.m. MDT,4038.0
PSCO,4/15/2023 12 p.m. MDT,4007.0
PSCO,4/15/2023 1 p.m. MDT,3932.0
PSCO,4/15/2023 2 p.m. MDT,3924.0
PSCO,4/15/2023 3 p.m. MDT,3955.0
PSCO,4/15/2023 4 p.m. MDT,3871.0
PSCO,4/15/2023 5 p.m. MDT,3932.0
PSCO,4/15/2023 6 p.m. MDT,4102.0
PSCO,4/15/2023 7 p.m. MDT,4343.0
PSCO,4/15/2023 8 p.m. MDT,4580.0
PSCO,4/15/2023 9 p.m. MDT,4656.0
PSCO,4/15/2023 10 p.m. MDT,4545.0
PSCO,4/15/2023 11 p.m. MDT,4331.0
PSCO,4/16/2023 12 a.m. MDT,4140.0
PSCO,4/16/2023 1 a.m. MDT,3996.0
PSCO,4/16/2023 2 a.m. MDT,3914.0
PSCO,4/16/2023 3 a.m. MDT,3891.0
PSCO,4/16/2023 4 a.m. MDT,3882.0
PSCO,4/16/2023 5 a.m. MDT,3944.0
PSCO,4/16/2023 6 a.m. MDT,4044.0
PSCO,4/16/2023 7 a.m. MDT,4152.0
PSCO,4/16/2023 8 a.m. MDT,4082.0
PSCO,4/16/2023 9 a.m. MDT,3943.0
PSCO,4/16/2023 10 a.m. MDT,3828.0
PSCO,4/16/2023 11 a.m. MDT,3740.0
PSCO,4/16/2023 12 p.m. MDT,3635.0
PSCO,4/16/2023 1 p.m. MDT,3598.0
PSCO,4/16/2023 2 p.m. MDT,3580.0
PSCO,4/16/2023 3 p.m. MDT,3577.0
PSCO,4/16/2023 4 p.m. MDT,3630.0
PSCO,4/16/2023 5 p.m. MDT,3863.0
PSCO,4/16/2023 6 p.m. MDT,4117.0
PSCO,4/16/2023 7 p.m. MDT,4341.0
PSCO,4/16/2023 8 p.m. MDT,4528.0
PSCO,4/16/2023 9 p.m. MDT,4612.0
PSCO,4/16/2023 10 p.m. MDT,4446.0
PSCO,4/16/2023 11 p.m. MDT,4167.0
PSCO,4/17/2023 12 a.m. MDT,3909.0
PSCO,4/17/2023 1 a.m. MDT,3759.0
PSCO,4/17/2023 2 a.m. MDT,3663.0
PSCO,4/17/2023 3 a.m. MDT,3668.0
PSCO,4/17/2023 4 a.m. MDT,3671.0
PSCO,4/17/2023 5 a.m. MDT,3824.0
PSCO,4/17/2023 6 a.m. MDT,4090.0
PSCO,4/17/2023 7 a.m. MDT,4428.0
PSCO,4/17/2023 8 a.m. MDT,4474.0
PSCO,4/17/2023 9 a.m. MDT,4367.0
PSCO,4/17/2023 10 a.m. MDT,4265.0
PSCO,4/17/2023 11 a.m. MDT,4214.0
PSCO,4/17/2023 12 p.m. MDT,4178.0
PSCO,4/17/2023 1 p.m. MDT,4106.0
PSCO,4/17/2023 2 p.m. MDT,4113.0
PSCO,4/17/2023 3 p.m. MDT,4195.0
PSCO,4/17/2023 4 p.m. MDT,4289.0
PSCO,4/17/2023 5 p.m. MDT,4466.0
PSCO,4/17/2023 6 p.m. MDT,4643.0
PSCO,4/17/2023 7 p.m. MDT,4755.0
PSCO,4/17/2023 8 p.m. MDT,4798.0
PSCO,4/17/2023 9 p.m. MDT,4835.0
PSCO,4/17/2023 10 p.m. MDT,4588.0
PSCO,4/17/2023 11 p.m. MDT,4288.0
PSCO,4/18/2023 12 a.m. MDT,4028.0
PSCO,4/18/2023 1 a.m. MDT,3790.0
PSCO,4/18/2023 2 a.m. MDT,3724.0
PSCO,4/18/2023 3 a.m. MDT,3677.0
PSCO,4/18/2023 4 a.m. MDT,3655.0
PSCO,4/18/2023 5 a.m. MDT,3778.0
PSCO,4/18/2023 6 a.m. MDT,3967.0
PSCO,4/18/2023 7 a.m. MDT,4290.0
PSCO,4/18/2023 8 a.m. MDT,4495.0
PSCO,4/18/2023 9 a.m. MDT,4476.0
PSCO,4/18/2023 10 a.m. MDT,4321.0
PSCO,4/18/2023 11 a.m. MDT,4241.0
PSCO,4/18/2023 12 p.m. MDT,4321.0
PSCO,4/18/2023 1 p.m. MDT,4231.0
PSCO,4/18/2023 2 p.m. MDT,4245.0
PSCO,4/18/2023 3 p.m. MDT,4319.0
PSCO,4/18/2023 4 p.m. MDT,4337.0
PSCO,4/18/2023 5 p.m. MDT,4525.0
PSCO,4/18/2023 6 p.m. MDT,4664.0
PSCO,4/18/2023 7 p.m. MDT,4756.0
PSCO,4/18/2023 8 p.m. MDT,4776.0
PSCO,4/18/2023 9 p.m. MDT,4802.0
PSCO,4/18/2023 10 p.m. MDT,4622.0
PSCO,4/18/2023 11 p.m. MDT,4262.0
PSCO,4/19/2023 12 a.m. MDT,3991.0
PSCO,4/19/2023 1 a.m. MDT,3797.0
PSCO,4/19/2023 2 a.m. MDT,3648.0
PSCO,4/19/2023 3 a.m. MDT,3655.0
PSCO,4/19/2023 4 a.m. MDT,3647.0
PSCO,4/19/2023 5 a.m. MDT,3767.0
PSCO,4/19/2023 6 a.m. MDT,4038.0
PSCO,4/19/2023 7 a.m. MDT,4346.0
PSCO,4/19/2023 8 a.m. MDT,4445.0
PSCO,4/19/2023 9 a.m. MDT,4351.0
PSCO,4/19/2023 10 a.m. MDT,4232.0
PSCO,4/19/2023 11 a.m. MDT,4184.0
PSCO,4/19/2023 12 p.m. MDT,4283.0
PSCO,4/19/2023 1 p.m. MDT,4487.0
PSCO,4/19/2023 2 p.m. MDT,4626.0
PSCO,4/19/2023 3 p.m. MDT,4592.0
PSCO,4/19/2023 4 p.m. MDT,4485.0
PSCO,4/19/2023 5 p.m. MDT,4614.0
PSCO,4/19/2023 6 p.m. MDT,4749.0
PSCO,4/19/2023 7 p.m. MDT,4841.0
PSCO,4/19/2023 8 p.m. MDT,4988.0
PSCO,4/19/2023 9 p.m. MDT,5005.0
PSCO,4/19/2023 10 p.m. MDT,4843.0
PSCO,4/19/2023 11 p.m. MDT,4561.0
PSCO,4/20/2023 12 a.m. MDT,4281.0
PSCO,4/20/2023 1 a.m. MDT,4158.0
PSCO,4/20/2023 2 a.m. MDT,4083.0
PSCO,4/20/2023 3 a.m. MDT,4045.0
PSCO,4/20/2023 4 a.m. MDT,4134.0
PSCO,4/20/2023 5 a.m. MDT,4274.0
PSCO,4/20/2023 6 a.m. MDT,4552.0
PSCO,4/20/2023 7 a.m. MDT,4871.0
PSCO,4/20/2023 8 a.m. MDT,4911.0
PSCO,4/20/2023 9 a.m. MDT,4763.0
PSCO,4/20/2023 10 a.m. MDT,4573.0
PSCO,4/20/2023 11 a.m. MDT,4425.0
PSCO,4/20/2023 12 p.m. MDT,4360.0
PSCO,4/20/2023 1 p.m. MDT,4317.0
PSCO,4/20/2023 2 p.m. MDT,4324.0
PSCO,4/20/2023 3 p.m. MDT,4320.0
PSCO,4/20/2023 4 p.m. MDT,4323.0
PSCO,4/20/2023 5 p.m. MDT,4477.0
PSCO,4/20/2023 6 p.m. MDT,4620.0
PSCO,4/20/2023 7 p.m. MDT,4758.0
PSCO,4/20/2023 8 p.m. MDT,4863.0
PSCO,4/20/2023 9 p.m. MDT,5007.0
PSCO,4/20/2023 10 p.m. MDT,4843.0
PSCO,4/20/2023 11 p.m. MDT,4583.0
PSCO,4/21/2023 12 a.m. MDT,4275.0
PSCO,4/21/2023 1 a.m. MDT,4131.0
PSCO,4/21/2023 2 a.m. MDT,4061.0
PSCO,4/21/2023 3 a.m. MDT,4038.0
PSCO,4/21/2023 4 a.m. MDT,4076.0
PSCO,4/21/2023 5 a.m. MDT,4210.0
PSCO,4/21/2023 6 a.m. MDT,4450.0
PSCO,4/21/2023 7 a.m. MDT,4792.0
PSCO,4/21/2023 8 a.m. MDT,4851.0
PSCO,4/21/2023 9 a.m. MDT,4948.0
PSCO,4/21/2023 10 a.m. MDT,4886.0
PSCO,4/21/2023 11 a.m. MDT,4682.0
PSCO,4/21/2023 12 p.m. MDT,4592.0
PSCO,4/21/2023 1 p.m. MDT,4535.0
PSCO,4/21/2023 2 p.m. MDT,4467.0
PSCO,4/21/2023 3 p.m. MDT,4489.0
PSCO,4/21/2023 4 p.m. MDT,4518.0
PSCO,4/21/2023 5 p.m. MDT,4623.0
PSCO,4/21/2023 6 p.m. MDT,4715.0
PSCO,4/21/2023 7 p.m. MDT,4766.0
PSCO,4/21/2023 8 p.m. MDT,4875.0
PSCO,4/21/2023 9 p.m. MDT,4892.0
PSCO,4/21/2023 10 p.m. MDT,4741.0
PSCO,4/21/2023 11 p.m. MDT,4532.0
PSCO,4/22/2023 12 a.m. MDT,4327.0
PSCO,4/22/2023 1 a.m. MDT,4180.0
PSCO,4/22/2023 2 a.m. MDT,4049.0
PSCO,4/22/2023 3 a.m. MDT,3990.0
PSCO,4/22/2023 4 a.m. MDT,4001.0
PSCO,4/22/2023 5 a.m. MDT,4126.0
PSCO,4/22/2023 6 a.m. MDT,4232.0
PSCO,4/22/2023 7 a.m. MDT,4339.0
PSCO,4/22/2023 8 a.m. MDT,4523.0
PSCO,4/22/2023 9 a.m. MDT,4695.0
PSCO,4/22/2023 10 a.m. MDT,4826.0
PSCO,4/22/2023 11 a.m. MDT,4836.0
PSCO,4/22/2023 12 p.m. MDT,4802.0
PSCO,4/22/2023 1 p.m. MDT,4686.0
PSCO,4/22/2023 2 p.m. MDT,4572.0
PSCO,4/22/2023 3 p.m. MDT,4466.0
PSCO,4/22/2023 4 p.m. MDT,4437.0
PSCO,4/22/2023 5 p.m. MDT,4480.0
PSCO,4/22/2023 6 p.m. MDT,4585.0
PSCO,4/22/2023 7 p.m. MDT,4665.0
PSCO,4/22/2023 8 p.m. MDT,4753.0
PSCO,4/22/2023 9 p.m. MDT,4824.0
PSCO,4/22/2023 10 p.m. MDT,4717.0
PSCO,4/22/2023 11 p.m. MDT,4562.0
PSCO,4/23/2023 12 a.m. MDT,4330.0
PSCO,4/23/2023 1 a.m. MDT,4190.0
PSCO,4/23/2023 2 a.m. MDT,4085.0
PSCO,4/23/2023 3 a.m. MDT,4048.0
PSCO,4/23/2023 4 a.m. MDT,4033.0
PSCO,4/23/2023 5 a.m. MDT,4098.0
PSCO,4/23/2023 6 a.m. MDT,4208.0
PSCO,4/23/2023 7 a.m. MDT,4285.0
PSCO,4/23/2023 8 a.m. MDT,4249.0
PSCO,4/23/2023 9 a.m. MDT,4168.0
PSCO,4/23/2023 10 a.m. MDT,4107.0
PSCO,4/23/2023 11 a.m. MDT,3994.0
PSCO,4/23/2023 12 p.m. MDT,3874.0
PSCO,4/23/2023 1 p.m. MDT,3754.0
PSCO,4/23/2023 2 p.m. MDT,3691.0
PSCO,4/23/2023 3 p.m. MDT,3645.0
PSCO,4/23/2023 4 p.m. MDT,3721.0
PSCO,4/23/2023 5 p.m. MDT,3883.0
PSCO,4/23/2023 6 p.m. MDT,4130.0
PSCO,4/23/2023 7 p.m. MDT,4380.0
PSCO,4/23/2023 8 p.m. MDT,4538.0
PSCO,4/23/2023 9 p.m. MDT,4641.0
PSCO,4/23/2023 10 p.m. MDT,4496.0
PSCO,4/23/2023 11 p.m. MDT,4211.0
PSCO,4/24/2023 12 a.m. MDT,3969.0
PSCO,4/24/2023 1 a.m. MDT,3801.0
PSCO,4/24/2023 2 a.m. MDT,3749.0
PSCO,4/24/2023 3 a.m. MDT,3744.0
PSCO,4/24/2023 4 a.m. MDT,3788.0
PSCO,4/24/2023 5 a.m. MDT,3916.0
PSCO,4/24/2023 6 a.m. MDT,4208.0
PSCO,4/24/2023 7 a.m. MDT,4514.0
PSCO,4/24/2023 8 a.m. MDT,4667.0
PSCO,4/24/2023 9 a.m. MDT,4552.0
PSCO,4/24/2023 10 a.m. MDT,4368.0
PSCO,4/24/2023 11 a.m. MDT,4216.0
PSCO,4/24/2023 12 p.m. MDT,4098.0
PSCO,4/24/2023 1 p.m. MDT,4043.0
PSCO,4/24/2023 2 p.m. MDT,4036.0
PSCO,4/24/2023 3 p.m. MDT,4062.0
PSCO,4/24/2023 4 p.m. MDT,4194.0
PSCO,4/24/2023 5 p.m. MDT,4308.0
PSCO,4/24/2023 6 p.m. MDT,4588.0
PSCO,4/24/2023 7 p.m. MDT,4680.0
PSCO,4/24/2023 8 p.m. MDT,4719.0
PSCO,4/24/2023 9 p.m. MDT,4778.0
PSCO,4/24/2023 10 p.m. MDT,4552.0
PSCO,4/24/2023 11 p.m. MDT,4289.0
PSCO,4/25/2023 12 a.m. MDT,4047.0
PSCO,4/25/2023 1 a.m. MDT,3851.0
PSCO,4/25/2023 2 a.m. MDT,3754.0
PSCO,4/25/2023 3 a.m. MDT,3727.0
PSCO,4/25/2023 4 a.m. MDT,3707.0
PSCO,4/25/2023 5 a.m. MDT,3831.0
PSCO,4/25/2023 6 a.m. MDT,4081.0
PSCO,4/25/2023 7 a.m. MDT,4403.0
PSCO,4/25/2023 8 a.m. MDT,4514.0
PSCO,4/25/2023 9 a.m. MDT,4427.0
PSCO,4/25/2023 10 a.m. MDT,4335.0
PSCO,4/25/2023 11 a.m. MDT,4313.0
PSCO,4/25/2023 12 p.m. MDT,4283.0
PSCO,4/25/2023 1 p.m. MDT,4353.0
PSCO,4/25/2023 2 p.m. MDT,4562.0
PSCO,4/25/2023 3 p.m. MDT,4725.0
PSCO,4/25/2023 4 p.m. MDT,4815.0
PSCO,4/25/2023 5 p.m. MDT,4937.0
PSCO,4/25/2023 6 p.m. MDT,5036.0
PSCO,4/25/2023 7 p.m. MDT,5045.0
PSCO,4/25/2023 8 p.m. MDT,5030.0
PSCO,4/25/2023 9 p.m. MDT,5021.0
PSCO,4/25/2023 10 p.m. MDT,4786.0
PSCO,4/25/2023 11 p.m. MDT,4485.0
PSCO,4/26/2023 12 a.m. MDT,4228.0
PSCO,4/26/2023 1 a.m. MDT,4093.0
PSCO,4/26/2023 2 a.m. MDT,4002.0
PSCO,4/26/2023 3 a.m. MDT,3975.0
PSCO,4/26/2023 4 a.m. MDT,3979.0
PSCO,4/26/2023 5 a.m. MDT,4063.0
PSCO,4/26/2023 6 a.m. MDT,4320.0
PSCO,4/26/2023 7 a.m. MDT,4701.0
PSCO,4/26/2023 8 a.m. MDT,4924.0
PSCO,4/26/2023 9 a.m. MDT,4907.0
PSCO,4/26/2023 10 a.m. MDT,4896.0
PSCO,4/26/2023 11 a.m. MDT,4748.0
PSCO,4/26/2023 12 p.m. MDT,4571.0
PSCO,4/26/2023 1 p.m. MDT,4417.0
PSCO,4/26/2023 2 p.m. MDT,4280.0
PSCO,4/26/2023 3 p.m. MDT,4207.0
PSCO,4/26/2023 4 p.m. MDT,4150.0
PSCO,4/26/2023 5 p.m. MDT,4183.0
PSCO,4/26/2023 6 p.m. MDT,4353.0
PSCO,4/26/2023 7 p.m. MDT,4529.0
PSCO,4/26/2023 8 p.m. MDT,4695.0
PSCO,4/26/2023 9 p.m. MDT,4799.0
PSCO,4/26/2023 10 p.m. MDT,4597.0
PSCO,4/26/2023 11 p.m. MDT,4339.0
PSCO,4/27/2023 12 a.m. MDT,4083.0
PSCO,4/27/2023 1 a.m. MDT,3927.0
PSCO,4/27/2023 2 a.m. MDT,3846.0
PSCO,4/27/2023 3 a.m. MDT,3807.0
PSCO,4/27/2023 4 a.m. MDT,3803.0
PSCO,4/27/2023 5 a.m. MDT,3899.0
PSCO,4/27/2023 6 a.m. MDT,4135.0
PSCO,4/27/2023 7 a.m. MDT,4473.0
PSCO,4/27/2023 8 a.m. MDT,4536.0
PSCO,4/27/2023 9 a.m. MDT,4356.0
PSCO,4/27/2023 10 a.m. MDT,4228.0
PSCO,4/27/2023 11 a.m. MDT,4151.0
PSCO,4/27/2023 12 p.m. MDT,4128.0
PSCO,4/27/2023 1 p.m. MDT,4129.0
PSCO,4/27/2023 2 p.m. MDT,4231.0
PSCO,4/27/2023 3 p.m. MDT,4336.0
PSCO,4/27/2023 4 p.m. MDT,4421.0
PSCO,4/27/2023 5 p.m. MDT,4457.0
PSCO,4/27/2023 6 p.m. MDT,4633.0
PSCO,4/27/2023 7 p.m. MDT,4683.0
PSCO,4/27/2023 8 p.m. MDT,4803.0
PSCO,4/27/2023 9 p.m. MDT,4881.0
PSCO,4/27/2023 10 p.m. MDT,4708.0
PSCO,4/27/2023 11 p.m. MDT,4401.0
PSCO,4/28/2023 12 a.m. MDT,4160.0
PSCO,4/28/2023 1 a.m. MDT,4007.0
PSCO,4/28/2023 2 a.m. MDT,3944.0
PSCO,4/28/2023 3 a.m. MDT,3931.0
PSCO,4/28/2023 4 a.m. MDT,3957.0
PSCO,4/28/2023 5 a.m. MDT,4042.0
PSCO,4/28/2023 6 a.m. MDT,4243.0
PSCO,4/28/2023 7 a.m. MDT,4492.0
PSCO,4/28/2023 8 a.m. MDT,4583.0
PSCO,4/28/2023 9 a.m. MDT,4487.0
PSCO,4/28/2023 10 a.m. MDT,4363.0
PSCO,4/28/2023 11 a.m. MDT,4370.0
PSCO,4/28/2023 12 p.m. MDT,4237.0
PSCO,4/28/2023 1 p.m. MDT,4158.0
PSCO,4/28/2023 2 p.m. MDT,4093.0
PSCO,4/28/2023 3 p.m. MDT,4006.0
PSCO,4/28/2023 4 p.m. MDT,3984.0
PSCO,4/28/2023 5 p.m. MDT,4085.0
PSCO,4/28/2023 6 p.m. MDT,4225.0
PSCO,4/28/2023 7 p.m. MDT,4387.0
PSCO,4/28/2023 8 p.m. MDT,4531.0
PSCO,4/28/2023 9 p.m. MDT,4646.0
PSCO,4/28/2023 10 p.m. MDT,4551.0
PSCO,4/28/2023 11 p.m. MDT,4327.0
PSCO,4/29/2023 12 a.m. MDT,4073.0
PSCO,4/29/2023 1 a.m. MDT,3914.0
PSCO,4/29/2023 2 a.m. MDT,3832.0
PSCO,4/29/2023 3 a.m. MDT,3791.0
PSCO,4/29/2023 4 a.m. MDT,3750.0
PSCO,4/29/2023 5 a.m. MDT,3846.0
PSCO,4/29/2023 6 a.m. MDT,3944.0
PSCO,4/29/2023 7 a.m. MDT,4045.0
PSCO,4/29/2023 8 a.m. MDT,3990.0
PSCO,4/29/2023 9 a.m. MDT,3887.0
PSCO,4/29/2023 10 a.m. MDT,3797.0
PSCO,4/29/2023 11 a.m. MDT,3789.0
PSCO,4/29/2023 12 p.m. MDT,3728.0
PSCO,4/29/2023 1 p.m. MDT,3701.0
PSCO,4/29/2023 2 p.m. MDT,3717.0
PSCO,4/29/2023 3 p.m. MDT,3802.0
PSCO,4/29/2023 4 p.m. MDT,3887.0
PSCO,4/29/2023 5 p.m. MDT,4075.0
PSCO,4/29/2023 6 p.m. MDT,4295.0
PSCO,4/29/2023 7 p.m. MDT,4422.0
PSCO,4/29/2023 8 p.m. MDT,4464.0
PSCO,4/29/2023 9 p.m. MDT,4547.0
PSCO,4/29/2023 10 p.m. MDT,4355.0
PSCO,4/29/2023 11 p.m. MDT,4126.0
PSCO,4/30/2023 12 a.m. MDT,3856.0
PSCO,4/30/2023 1 a.m. MDT,3677.0
PSCO,4/30/2023 2 a.m. MDT,3563.0
PSCO,4/30/2023 3 a.m. MDT,3505.0
PSCO,4/30/2023 4 a.m. MDT,3472.0
PSCO,4/30/2023 5 a.m. MDT,3555.0
PSCO,4/30/2023 6 a.m. MDT,3609.0
PSCO,4/30/2023 7 a.m. MDT,3700.0
PSCO,4/30/2023 8 a.m. MDT,3621.0
PSCO,4/30/2023 9 a.m. MDT,3586.0
PSCO,4/30/2023 10 a.m. MDT,3565.0
PSCO,4/30/2023 11 a.m. MDT,3547.0
PSCO,4/30/2023 12 p.m. MDT,3591.0
PSCO,4/30/2023 1 p.m. MDT,3602.0
PSCO,4/30/2023 2 p.m. MDT,3622.0
PSCO,4/30/2023 3 p.m. MDT,3679.0
PSCO,4/30/2023 4 p.m. MDT,3806.0
PSCO,4/30/2023 5 p.m. MDT,4012.0
PSCO,4/30/2023 6 p.m. MDT,4302.0
PSCO,4/30/2023 7 p.m. MDT,4505.0
PSCO,4/30/2023 8 p.m. MDT,4594.0
PSCO,4/30/2023 9 p.m. MDT,4688.0
PSCO,4/30/2023 10 p.m. MDT,4479.0
PSCO,4/30/2023 11 p.m. MDT,4177.0
PSCO,5/1/2023 12 a.m. MDT,3825.0
